-- phpMyAdmin SQL Dump
-- version 5.2.2
-- https://www.phpmyadmin.net/
--
-- Servidor: localhost:3306
-- Tiempo de generación: 29-04-2025 a las 10:11:38
-- Versión del servidor: 8.0.41-cll-lve
-- Versión de PHP: 8.3.20

SET SQL_MODE = "NO_AUTO_VALUE_ON_ZERO";
START TRANSACTION;
SET time_zone = "+00:00";


/*!40101 SET @OLD_CHARACTER_SET_CLIENT=@@CHARACTER_SET_CLIENT */;
/*!40101 SET @OLD_CHARACTER_SET_RESULTS=@@CHARACTER_SET_RESULTS */;
/*!40101 SET @OLD_COLLATION_CONNECTION=@@COLLATION_CONNECTION */;
/*!40101 SET NAMES utf8mb4 */;

--
-- Base de datos: `sistema6_ventas`
--

-- --------------------------------------------------------

--
-- Estructura de tabla para la tabla `abonos`
--

CREATE TABLE `abonos` (
  `id` bigint UNSIGNED NOT NULL,
  `fecha` date NOT NULL,
  `monto` decimal(9,2) NOT NULL,
  `origen` varchar(50) COLLATE utf8mb4_general_ci DEFAULT NULL,
  `simple` varchar(20) COLLATE utf8mb4_general_ci DEFAULT NULL,
  `idMetodo` bigint DEFAULT NULL,
  `idCuenta` bigint NOT NULL
) ENGINE=InnoDB DEFAULT CHARSET=utf8mb4 COLLATE=utf8mb4_general_ci;

--
-- Volcado de datos para la tabla `abonos`
--

INSERT INTO `abonos` (`id`, `fecha`, `monto`, `origen`, `simple`, `idMetodo`, `idCuenta`) VALUES
(12, '2025-04-02', 144.00, NULL, 'Efectivo ($)', NULL, 12),
(13, '2025-04-03', 2300.00, NULL, 'Efectivo ($)', NULL, 13),
(14, '2025-04-03', 636.00, NULL, 'Efectivo ($)', NULL, 14),
(15, '2025-04-03', 15.00, NULL, 'Efectivo ($)', NULL, 15),
(16, '2025-04-03', 244.00, NULL, 'Efectivo ($)', NULL, 16),
(17, '2025-04-03', 973.00, NULL, 'Efectivo ($)', NULL, 17),
(18, '2025-04-03', 24.00, NULL, 'Efectivo ($)', NULL, 18),
(19, '2025-04-03', 960.00, NULL, 'Efectivo ($)', NULL, 19),
(20, '2025-04-04', 1600.00, NULL, 'Efectivo ($)', NULL, 20),
(21, '2025-04-04', 1990.28, NULL, 'Efectivo ($)', NULL, 21),
(22, '2025-04-04', 166.00, NULL, 'Efectivo ($)', NULL, 22),
(23, '2025-04-04', 161.00, NULL, 'Efectivo ($)', NULL, 24),
(24, '2025-04-04', 461.00, NULL, 'Efectivo (Bs)', NULL, 129),
(25, '2025-04-04', 753.00, NULL, 'Efectivo ($)', NULL, 130),
(26, '2025-04-05', 185.16, NULL, 'Efectivo ($)', NULL, 131),
(27, '2025-04-05', 371.00, NULL, 'Efectivo ($)', NULL, 132),
(28, '2025-04-05', 86.00, NULL, 'Efectivo ($)', NULL, 133),
(29, '2025-04-06', 267.00, NULL, 'Efectivo ($)', NULL, 134),
(31, '2025-04-11', 0.00, NULL, 'Efectivo ($)', NULL, 137),
(33, '2025-04-11', 235.48, NULL, 'Efectivo ($)', NULL, 139),
(34, '2025-04-11', 599.00, NULL, 'Efectivo ($)', NULL, 140),
(35, '2025-04-11', 60.00, NULL, 'Efectivo ($)', NULL, 141),
(36, '2025-04-13', 225.00, NULL, 'Efectivo ($)', NULL, 154),
(37, '2025-04-13', 200.00, NULL, 'Efectivo ($)', NULL, 32),
(38, '2025-04-13', 252.24, '0000', NULL, 1, 40),
(39, '2025-04-13', 22.00, NULL, 'Efectivo ($)', NULL, 42),
(40, '2025-04-13', 266.80, NULL, 'Efectivo (Bs)', NULL, 71),
(41, '2025-04-14', 120.00, NULL, 'Efectivo ($)', NULL, 157),
(42, '2025-04-14', 371.00, NULL, 'Efectivo ($)', NULL, 158),
(43, '2025-04-17', 20.00, NULL, 'Efectivo ($)', NULL, 263),
(44, '2025-04-17', 965.00, 'banesco ', NULL, 1, 135),
(45, '2025-04-17', 35.00, 'banesco', NULL, 1, 143),
(46, '2025-04-17', 30.00, NULL, 'Efectivo ($)', NULL, 265),
(47, '2025-04-19', 130.00, NULL, 'Efectivo ($)', NULL, 291),
(49, '2025-04-20', 12.00, NULL, 'Efectivo ($)', NULL, 295),
(50, '2025-04-20', 8.00, NULL, 'Efectivo ($)', NULL, 318),
(51, '2025-04-21', 248.00, 'Banesco', NULL, 1, 102),
(52, '2025-04-21', 174.00, 'Banesco', NULL, 1, 23),
(53, '2025-04-21', 200.00, NULL, 'Efectivo ($)', NULL, 26),
(54, '2025-04-21', 896.22, 'Banesco', NULL, 1, 25),
(55, '2025-04-21', 247.00, 'marloncareño', NULL, 4, 32),
(57, '2025-04-21', 1396.00, NULL, 'Efectivo ($)', NULL, 33),
(58, '2025-04-21', 119.86, NULL, 'Efectivo ($)', NULL, 34),
(59, '2025-04-21', 151.00, NULL, 'Efectivo ($)', NULL, 39),
(60, '2025-04-21', 90.00, NULL, 'Efectivo ($)', NULL, 41),
(61, '2025-04-21', 2072.00, NULL, 'Efectivo ($)', NULL, 43),
(62, '2025-04-21', 2.00, NULL, 'Efectivo ($)', NULL, 46),
(63, '2025-04-21', 23.00, NULL, 'Efectivo ($)', NULL, 46),
(64, '2025-04-21', 1320.00, NULL, 'Efectivo ($)', NULL, 138),
(65, '2025-04-21', 278.04, NULL, 'Efectivo ($)', NULL, 47),
(66, '2025-04-21', 620.00, NULL, 'Efectivo ($)', NULL, 138),
(67, '2025-04-21', 380.00, NULL, 'Efectivo ($)', NULL, 331),
(68, '2025-04-21', 300.00, NULL, 'Efectivo ($)', NULL, 27),
(69, '2025-04-21', 791.00, NULL, 'Efectivo ($)', NULL, 64),
(70, '2025-04-22', 1162.00, NULL, 'Efectivo ($)', NULL, 353),
(71, '2025-04-22', 1.32, '000', NULL, 12, 354),
(72, '2025-04-22', 186.32, NULL, 'Efectivo ($)', NULL, 93),
(73, '2025-04-22', 160.00, NULL, 'Efectivo ($)', NULL, 165),
(74, '2025-04-22', 17.00, NULL, 'Efectivo ($)', NULL, 167),
(75, '2025-04-22', 50.00, NULL, 'Efectivo ($)', NULL, 265),
(76, '2025-04-22', 3000.00, NULL, 'Efectivo ($)', NULL, 33),
(77, '2025-04-22', 644.00, NULL, 'Efectivo ($)', NULL, 98),
(78, '2025-04-22', 120.00, NULL, 'Efectivo ($)', NULL, 85),
(79, '2025-04-22', 123.00, NULL, 'Efectivo ($)', NULL, 344),
(80, '2025-04-22', 206.00, NULL, 'Efectivo ($)', NULL, 39),
(81, '2025-04-22', 637.86, NULL, 'Efectivo ($)', NULL, 92),
(82, '2025-04-23', 400.00, NULL, 'Efectivo ($)', NULL, 117),
(83, '2025-04-23', 3.00, NULL, 'Efectivo ($)', NULL, 20),
(84, '2025-04-23', 9350.00, NULL, 'Efectivo ($)', NULL, 111),
(85, '2025-04-23', 612.00, NULL, 'Efectivo ($)', NULL, 155),
(86, '2025-04-24', 1560.00, NULL, 'Efectivo ($)', NULL, 331),
(87, '2025-04-24', 40.00, NULL, 'Efectivo ($)', NULL, 386),
(88, '2025-04-24', 795.00, NULL, 'Efectivo ($)', NULL, 326),
(89, '2025-04-24', 300.00, NULL, 'Efectivo ($)', NULL, 104),
(90, '2025-04-24', 3.00, '3559', NULL, 1, 263),
(91, '2025-04-24', 8.00, 'VENEZUELA ', NULL, 1, 318),
(92, '2025-04-24', 13.00, 'VENEZUELA ', NULL, 1, 319),
(93, '2025-04-24', 148.00, 'VENEZUELA ', NULL, 1, 155),
(94, '2025-04-24', 852.00, 'VENEZUELA', NULL, 1, 166),
(95, '2025-04-24', 50.00, 'ZELLE', NULL, 4, 55),
(96, '2025-04-25', 243.00, NULL, 'Credito', NULL, 407),
(97, '2025-04-25', 75.00, NULL, 'Credito', NULL, 409),
(98, '2025-04-25', 1319.00, 'VENEZUELA ', NULL, 1, 143),
(99, '2025-04-25', 200.00, NULL, 'Efectivo ($)', NULL, 104),
(100, '2025-04-25', 10.00, NULL, 'Efectivo ($)', NULL, 17),
(101, '2025-04-25', 35.00, NULL, 'Efectivo ($)', NULL, 123),
(102, '2025-04-25', 76.00, NULL, 'Efectivo ($)', NULL, 164),
(103, '2025-04-25', 160.00, NULL, 'Efectivo ($)', NULL, 260),
(104, '2025-04-25', 249.00, NULL, 'Efectivo ($)', NULL, 403),
(105, '2025-04-25', 24.00, NULL, 'Efectivo ($)', NULL, 124),
(107, '2025-04-25', 570.00, 'ZELLE', NULL, 4, 67),
(108, '2025-04-25', 400.00, 'VENEZUELA ', NULL, 1, 33),
(110, '2025-04-26', 50.00, NULL, 'Efectivo ($)', NULL, 265),
(111, '2025-04-26', 148.48, 'VENEZUELA ', NULL, 1, 184),
(112, '2025-04-26', 100.00, NULL, 'Efectivo ($)', NULL, 45),
(113, '2025-04-26', 12.00, NULL, 'Efectivo ($)', NULL, 72),
(114, '2025-04-26', 270.00, NULL, 'Efectivo ($)', NULL, 271),
(115, '2025-04-26', 500.00, 'VENEZUELA ', NULL, 1, 113),
(116, '2025-04-27', 355.80, NULL, 'Efectivo ($)', NULL, 27),
(117, '2025-04-27', 44.20, NULL, 'Efectivo ($)', NULL, 146),
(118, '2025-04-27', 440.00, NULL, 'Efectivo ($)', NULL, 125),
(124, '2025-04-27', 450.00, NULL, 'Efectivo ($)', NULL, 55),
(125, '2025-04-27', 494.00, NULL, 'Efectivo ($)', NULL, 72),
(126, '2025-04-27', 3.00, NULL, 'Efectivo ($)', NULL, 319),
(127, '2025-04-27', 28.72, NULL, 'Efectivo ($)', NULL, 400),
(128, '2025-04-27', 7.40, NULL, 'Efectivo ($)', NULL, 402),
(129, '2025-04-28', 181.00, 'VENEZUELA ', NULL, 1, 35),
(130, '2025-04-28', 500.00, NULL, 'Efectivo ($)', NULL, 119),
(131, '2025-04-28', 100.00, NULL, 'Efectivo ($)', NULL, 178),
(132, '2025-04-28', 600.00, NULL, 'Efectivo ($)', NULL, 37),
(133, '2025-04-29', 60.00, NULL, 'Efectivo ($)', NULL, 473),
(134, '2025-04-29', 100.00, 'VENEZUELA ', NULL, 1, 473);

-- --------------------------------------------------------

--
-- Estructura de tabla para la tabla `categorias`
--

CREATE TABLE `categorias` (
  `id` bigint UNSIGNED NOT NULL,
  `nombreCategoria` varchar(50) COLLATE utf8mb4_general_ci NOT NULL
) ENGINE=InnoDB DEFAULT CHARSET=utf8mb4 COLLATE=utf8mb4_general_ci;

--
-- Volcado de datos para la tabla `categorias`
--

INSERT INTO `categorias` (`id`, `nombreCategoria`) VALUES
(9, 'PRUEBA');

-- --------------------------------------------------------

--
-- Estructura de tabla para la tabla `choferes`
--

CREATE TABLE `choferes` (
  `id` bigint UNSIGNED NOT NULL,
  `nombre` varchar(100) COLLATE utf8mb4_general_ci NOT NULL,
  `telefono` varchar(20) COLLATE utf8mb4_general_ci DEFAULT NULL,
  `tipo` varchar(20) COLLATE utf8mb4_general_ci NOT NULL,
  `ci` varchar(20) COLLATE utf8mb4_general_ci NOT NULL
) ENGINE=InnoDB DEFAULT CHARSET=utf8mb4 COLLATE=utf8mb4_general_ci;

--
-- Volcado de datos para la tabla `choferes`
--

INSERT INTO `choferes` (`id`, `nombre`, `telefono`, `tipo`, `ci`) VALUES
(2, 'Jose Gregario', '04248557215', 'Venezolano', '21689323'),
(3, 'Jhon Sanabria', '04122420789', 'Venezolano', '32877625'),
(8, 'Yosguar Sanabria', '04123538939', 'Venezolano', '30720065'),
(9, 'Luis Alejandro ', '04129953899', 'Venezolano', '21689330');

-- --------------------------------------------------------

--
-- Estructura de tabla para la tabla `clientes`
--

CREATE TABLE `clientes` (
  `id` bigint UNSIGNED NOT NULL,
  `nombre` varchar(100) COLLATE utf8mb4_general_ci NOT NULL,
  `telefono` varchar(20) COLLATE utf8mb4_general_ci DEFAULT NULL,
  `tipo` varchar(20) COLLATE utf8mb4_general_ci NOT NULL,
  `ci` varchar(20) COLLATE utf8mb4_general_ci NOT NULL,
  `direccion` varchar(255) COLLATE utf8mb4_general_ci NOT NULL
) ENGINE=InnoDB DEFAULT CHARSET=utf8mb4 COLLATE=utf8mb4_general_ci;

--
-- Volcado de datos para la tabla `clientes`
--

INSERT INTO `clientes` (`id`, `nombre`, `telefono`, `tipo`, `ci`, `direccion`) VALUES
(1, 'CORPORACION MODO CARACAS CA', NULL, 'Empresa', '', 'AV MoHEDANO'),
(3, 'GOSUSHI CORO', '04126912815', 'Empresa', '', 'Av Los Médanos, Local 34. Coro - Falcón'),
(5, 'JUAN NAHR', '04142922655', 'Natural', '', 'LAS MERCEDES'),
(6, 'MIGUEL PINTO', '040000', 'Venezolano', '0000000', 'URB PATARATA CALLE LA FERIA TRANSVERSAL 3. BARQUISIMETO'),
(7, 'SR VICTOR', '04100000000', 'Natural', '', 'VALENCIA'),
(8, 'SUSHI EXPRESS EL RECREO', '04145941176', 'Empresa', '', 'EL RECREO'),
(9, 'LUIS LORETO', '04144613787', 'Natural', '', 'CALLE EL COMANDO RES MERU PARK TORRE AISHIA PISO 3, APARTAMENTO 6304 CP 2101 MARACAY'),
(10, 'ALEJANDRA BERTRAND', '04124530015', 'Natural', '', 'URB. EL BOSQUE RESIDENCIAS SAN ANDRES III. VALENCIA'),
(11, 'ALEJANDRO FOSSI', '0410000000', 'Venezolano', '00000000', 'GUATAPARO - VALENCIA'),
(12, 'ALEO , C.A', '04143440281', 'Empresa', '', 'CALLE SAN MARCOS CASA No. 55-A BARRIO LA COOPERATIVA, MARACAY'),
(13, 'ALI ALAM', '04128887575', 'Natural', '', 'VALENCIA EDO- CARABOBO'),
(14, 'ALIMENTOS ASIÁTICOS OISHI', '04126161235', 'Empresa', '', 'AV. PRINCIAL DEL BOSQUE, CALLE EL EMPALME .URB EL BOSQUE CHACAO'),
(15, 'ALIMENTOS OCEANIA', '04149356411', 'Empresa', '', 'CALLE BOLIVAR EDIF FRYAN PISO 2 OF 2 URB LA TRINIDAD. CARACAS.'),
(16, 'AMERICAN HB', '04243405353', 'Empresa', '', 'MARACAY EDO. ARAGUA'),
(17, 'ANTHONY TORO', '04120442092', 'Natural', '', 'MARACAY- ARAGUA'),
(18, 'ANTOINE MARDO', NULL, 'Natural', '', 'MARACAY'),
(19, 'ANTONIO YAMMINE', '04243243041', 'Natural', '', 'URB.SOLEDAD CALLE 11 EDIF MONTE BLANC MARACAY'),
(20, 'ASIA GOURMET MARKET LECHERIA C.A', '04247311744', 'Empresa', '', 'AV PRINCIPAL, CRUCE CON CARRERA 6 LOCAL PLANTA BAJA NROS/N CASCO CENTRAL LECHERIA'),
(21, 'ASIA MALL C.A', '04124171760', 'Empresa', '', 'CC LAS AMERICAS. LOCAL P1-25. MARACAY'),
(22, 'ASIAN FOOD - SUSHI YUKATZO', '04244247595', 'Empresa', '', 'REDA BUILDING'),
(23, 'ASIAN GROCERIES', '04126733006', 'Empresa', '', 'SAN CARLOS. URB CAMINO REAL'),
(24, 'ATAHUALPA GONZALEZ', '04143945927', 'Natural', '', 'EL PARRAL'),
(25, 'BARAKI', '04243016392', 'Empresa', '', 'CIRCULO MILITAR VALENCIA. MUNICIPIO NAGUANAGUA'),
(26, 'BARAKI UNICENTRO, CA', '04243699193', 'Empresa', '', 'AV CASANOVA GODOY CC UNICENTRO MARACAY, NIVEL PB, LOCAL L-PB-32. URB PARQUE ARAGUA, SECTOR B'),
(27, 'BEGONA CONEJERO', '04144171060', 'Natural', '', 'EL PARRAL'),
(28, 'BELKYS DIAZ', '04244971013', 'Natural', '', 'URB. EL BOSQUE OESTE RESIDENCIAS MI SUEÑOS VALENCIA'),
(29, 'BERNARDO LOPEZ', '04244080282', 'Natural', '', 'URB. LA GRANJA, TERA ETAPA. NAGUANAGUA. VALENCIA'),
(30, 'BUFFALOS C.A', '042430548468', 'Empresa', '', 'CC LOS AVIADORES . AV LOS AVIADORES NIVEL PB LOCAL L195-19'),
(31, 'CARBON RESTAURANTE-ALIMENTOS LA PASTORITA', '04144537444', 'Empresa', '', 'AV. 104 EL VIÑEDO VALENCIA, LOCAL 104-5'),
(32, 'CARLOS MACHADO', '04244163203', 'Natural', '', 'URB. LOS MANGOS. VALENCIA'),
(33, 'CENTRO URBANO 2030, CA', '04142516060', 'Empresa', '', 'CALLE LUIS DE CAMOUES, LOCAL NRO 164, URB LA TRINIDAD ZONA INDUSTRIAL. CARACAS MIRANDA'),
(34, 'CHAIN A LA PARRILLA', '04124445643', 'Empresa', '', 'RES. TERRANOSTRA. MUNICIPIO SAN DIEGO. VALENCIA'),
(35, 'CHEF MARGARO', '04244373331', 'Natural', '', 'URB. EL REMANSO SAN DIEGO ESTADO CARABODO'),
(36, 'CHICHIMARKET', '04124402247', 'Empresa', '', 'Urb. Prebo. Calle 133 López Latouche'),
(37, 'CITY FOODS CCS, C.A', '04140381848', 'Empresa', '', 'AV. LECUNA ESQUINA EL ROSARIO CASA NRO 47 URB EL ROSARIO CCS'),
(39, 'COM. D ANTONIO GROUP,C.A', '04244474728', 'Empresa', '', 'AV. PRINCIPAL PARCELA E-1 LOCAL NUCLEO E URB LA GRANJA NAGUANAGUA'),
(40, 'COMERCIALIZADORA WEI', '04144406098', 'Empresa', '', 'URB. EL REMANSO . SAN DIEGO'),
(41, 'COMERCIALIZADORA Y DISTRIBUIDORA GR. C.A', '04121085930', 'Empresa', '', 'AV. OLLARVIDES CON CALLE BUCHIVACOA CC DOMUS NIVEL 1 LOCAL N 18 SECTOR PUERTA MARAVEN PUNTA CORDON'),
(42, 'COMIDA CHINA LA GRANJA', '04244127453', 'Empresa', '', 'URB. LA GRANJA , FRENTE DEL CEMENTERIO MUNICIPAL'),
(43, 'COMPUTES DONG YU', NULL, 'Empresa', '', 'CC LAS AMERICAS NIVEL LOCAL 27-28 MARACAY'),
(44, 'COOPERATIVA LAS PIBAS', '04144169322', 'Empresa', '', 'CALLE LAS ACACIAS 112-B21 QUINTA LAS PIBAS URB EL BOSQUE'),
(45, 'COORPORACION BRILLANTE', '04123789708', 'Empresa', '', 'AV BOLIVAR NORTE 152-78. CC PROFESIONAL AV BOLIVAR NIVEL PB LOCAL 4B CUERPO B SECTOR MUNICIPIO VALENCIA - CARABODO.'),
(46, 'CORPORACION ASIA GOURMET MARKET C.A', '04129775617', 'Empresa', '', 'SANTA MARIA ENTRE AV . EL EMPALME Y AV PPAL. DEL BOSQUE QTA GLOBE URB EL BOSQUE CHACAO'),
(47, 'CORPORACION KOKOSUSHI C.A', '04245135757', 'Empresa', '', 'CALLE BOLIVAR CON CALLE PAEZ. CHACAO. CARACAS'),
(48, 'CRAKOS FOOD C.A', '04144200768', 'Empresa', '', 'URB. EL VIÑEDO, CALLE 139. LOCAL 102/56. VALENCIA'),
(49, 'DANIEL NEGRETTE', NULL, 'Natural', '', 'MARACAY'),
(51, 'DAVID TORRES', '04243467549', 'Natural', '', 'LA MORITA- MARACAY.'),
(52, 'DELI SUSHI MARACAY', '04243000929', 'Empresa', '', 'AV. BOLIVAR CON AYACUCHO EDIF .DON ANTONIO LOCAL 01 MARACAY'),
(53, 'DELICIAS MARDO', '04243036338', 'Natural', '', ''),
(54, 'DELIPLAZA FERIA CAMPESINA LAS DELICIAS, C.A', NULL, 'Empresa', '', 'AV. LAS DELICIAS C/C FERNANDO PIMENTEL LOCAL NRO 1,2,3 Y 4 C.C TORRE BOYACA MARACAY'),
(55, 'DELIPLAZA LAS DELICIAS, C.A.', NULL, 'Empresa', '', 'AV. PRINCIPAL LAS DELICIAS CALLE ESMERALDA LOCAL NRO 12 Y 16 SECTOR BARRIO SUCRE II MARACAY'),
(56, 'DIST. EL SALCHICHON', '04243607054', 'Empresa', '', ''),
(57, 'DIST. PESCAMAR', NULL, 'Empresa', '', 'C.C METROPLAZA'),
(58, 'DISTINTO RESTAURANT', '04122092358', 'Empresa', '', 'PARQUE CARLOS RAUL VILLANUEVA. MARACAY'),
(59, 'DISTRIBUIDORA DE ALIMENTOS Y BEBIDAS NINAS, CA', NULL, 'Empresa', '', 'CALLE DON JULIO CENTENO CASA 390 URB EL MORRO SAN DIEGO VALENCIA CARABOBO'),
(60, 'DISTRIBUIDORA MIRANDA C.A', '04146374900', 'Empresa', '', 'AV. 2, CC CARIBE, LOCAL 1, PISO 1. MARACAIBO - ZULIA'),
(61, 'DORELEIS FERNANDEZ', '04128793145', 'Natural', '', 'ANDRES BELLO DETRAS DEL ORTOPEDICO INFANTIL CARACAS'),
(62, 'DR. SUSHI', '04244034597', 'Natural', '', 'URB. EL TRIGAL NORTE, CALLE VENUS. CASA MAUSI. VALENCIA'),
(63, 'EL RINCÓN DE LA AREPA', '04241212281', 'Empresa', '', 'MACARACUAY'),
(64, 'EL TORITO STEAK HOUSE C.A', '04243039576', 'Empresa', '', 'AV, BOLIVAR ESTE , PARQUE DE FARIAS SAN JACINTO , LOCAL S/N SECTOR SAN JACINTO MARACAY'),
(65, 'ENIA OSTERIA', '04143468077', 'Empresa', '', 'CENTRO COMERCIAL GUATAPARO EXPRESS'),
(66, 'ENJOY ME- INV. Y SERV. TODO SD 3000, C.A', '04128898093', 'Empresa', '', 'AV. 72-A, CC SAN DIEGO. VALENCIA'),
(67, 'ERNESTO ISEA', '04144332479', 'Natural', '', 'URB. EL PARRAL, VALENCIA'),
(68, 'ERNESTO RENGEL', '04244568408', 'Natural', '', 'PUERTO ORDAZ, VILLA AFRICANA'),
(69, 'ESTOY DE MODA CAFE BISTRO', '04244456595', 'Empresa', '', 'ADENTRO DEL CLUB INTERNACIONAL EN GUATAPARO'),
(70, 'EURO MARKET, CA', NULL, 'Empresa', '', 'AV. LAS DELICIAS CC LAS AMERICAS NIVEL PB LOCAL 237. URB LAS DELICIAS, MARACAY EDO. ARAGUA.'),
(71, 'EUROASIA IMPORT, C.A', '04243356520', 'Empresa', '', 'AV PRIMERA LOCAL NRO E-5 ZONA INDUSTRIAL SAN JACINTO MARACAY'),
(72, 'F&F DURAN BURGERS', '04127480965', 'Empresa', '', 'CC EL SAVE. AL LADO DE LA UNEFA. VALENCIA'),
(73, 'FESTIVAL GOURMET, C.A (CASA TARBES)', '04244643450', 'Empresa', '', 'URB. SAN JOSE DE TARBES, AL LADO DEL HOTEL CRISTAL PARK. VALENCIA'),
(74, 'FOOD LOVERS', '04129556833', 'Empresa', '', 'CC CRISTAL NIVEL FERIA LOCAL MZ-D12'),
(75, 'FOOD RAMEZ', '04127176446', 'Empresa', '', 'SAN DIEGO CIUDADELA VALENCEY PRIMERA CALLE'),
(76, 'FRANCISCO CONEJERO', '04244216968', 'Natural', '', 'URB. LA TRIGALEÑA, RES . FUERTE AVENTURA'),
(77, 'FREDDY BELLO', NULL, 'Natural', '', 'AV HENRY FORD'),
(78, 'FREDO SUSHI', '000000', 'Venezolano', '0000', 'LA CALIFORNIA NORTE CALLE 8 CARACAS'),
(79, 'FRI SUSHI', '04244139642', 'Empresa', '', 'URB.LOMAS DEL ESTE. VALENCIA'),
(80, 'FRI SUSHIVE 22.C.A', '04244139642', 'Empresa', '', 'CARRERA 31 CON ESQUINA CALLE 21 BARQUISIMETO'),
(81, 'FRUIT SHI SAN DIEGO', '04145941176', 'Empresa', '', 'URB. EL REMANSO. CC BRISAS DEL VALLE, SAN DIEGO'),
(82, 'GEISER MARQUEZ', '04242407121', 'Natural', '', 'CALLE LOYOLA EDIF. NOVO HOTEL EXPRESS, PARCELA 22-17-08, PISO PB, LOCAL PB, URB EL PARAISO, CARACAS, DITO. CAPITAL.'),
(83, 'GEISHATORI SUSHI', '04241326540', 'Empresa', '', 'AV. ANDRES BELLO. EDIF. CENTRO ANDRES BELLO. CARACAS'),
(84, 'GLORIA ESPINOZA', '04129140006', 'Natural', '', 'URB. LOS RUICES. CARACAS'),
(85, 'GOU 2.022 C.A', '04244573702', 'Empresa', '', 'PARQUE DUNAS, LOCAL 175-505. VALENCIA'),
(86, 'GOURMET ORIENTALES, C.A', '04127461663', 'Empresa', '', 'URB. EL BOSQUE. ADENTRO DEL CLUB CHINO. CARACAS'),
(87, 'GRUPO BSG GOURMET C.A (BARLOA)', '04244329323', 'Empresa', '', ''),
(88, 'HOTEL GUAPARO INN, AV UNIVERSIDAD SECTOR LA GRANJA', NULL, 'Empresa', '', ''),
(91, 'HANA SUSHI', '04124765113', 'Empresa', '', 'UEB. CARACAROS EDIFICIO CASTAÑO. NAGUANAGUA'),
(92, 'I LOVE SUSHI GUAPARO', '04144443775', 'Empresa', '', 'URB. GUAPARO, CALLE DE LOS COLEGIOS. VALENCIA'),
(93, 'I LOVE SUSHI SAN DIEGO- INV. INDOOR KARTING', '04143123507', 'Empresa', '', 'CC METROPOLIS. COMPLEJO MANTEX. SAN DIEGO'),
(94, 'ICHIRAKU RAMEN', '04244043925', 'Empresa', '', 'PARQUE FOOD TRUCK GUAPARO'),
(95, 'IKIAGI SUSHI CAGUA', '04128315375', 'Empresa', '', 'CALLE TURMERO CASA MB URB. CORINSA CAGUA'),
(96, 'IKIAGI SUSHI VE CA', '04124606279', 'Empresa', '', 'URBANIZACION CALICANTO 3er TRANSVERSAL, CALLE LOPEZ AVELEDO LOCAL 37'),
(97, 'IMPORTACIONES 3X CA', '04144136288', 'Empresa', '', 'CENTRO COMERCIAL PROFESIONAL'),
(98, 'INV. JACB 248', '04122934201', 'Empresa', '', 'AV. BOLEITA'),
(99, 'INV. PM', '04144965788', 'Empresa', '', 'VALENCIA ZONA INDUSTRIAL'),
(100, 'INV. SUCE CMM, CA', '04144642087', 'Empresa', '', 'AV. LAS DELICIAS, DENTRO DEL INSTITUTO AUTONOMO CIRCULO DE LAS FUERZAS ARMADAS. CIRCULO MILITAR DE MARACAY. MARACAY- ARAGUA'),
(101, 'INV. SUCE LA PASTORA', '04144642087', 'Empresa', '', 'CALLE LOS CEDROS ENTRE CALLE 4 Y AV. CONCORDIA LOCAL 11 URB DEL ESTE MANZANA S, BARQUISIMETO'),
(102, 'INV. SUCE SAN CRISTOBAL, CA.', NULL, 'Empresa', '', 'CALLE 9 BIS, NRO 20-89. BARRIO OBRERO. SAN CRISTOBAL. TACHIRA. ZONA POSTAL 5001'),
(103, 'INV. TUTY MARKET CA (SUSHI MARKET)', '04166114675', 'Empresa', '', 'URB. LOS PALOS GRANDES CC CUPULA. CARACAS'),
(104, 'INV.SUCE LECHERIA', '04148399648', 'Empresa', '', 'AV.PRINCIPAL DE LENCHERIA CC LAS GAVIOTAS LOCAL 14 Y 15 URB ROMULO GALLEGOS LECHERIA'),
(105, 'INVERSIONES 8990 (CIRCULO MILITAR)', NULL, 'Empresa', '', 'AV SUCURSAL DEL INSTITUTO AUTONOMO CIRCULO MILITAR DE LA FUERZA ARMADA NACIONAL BOLIVARIANA, LOCAL NRO S/N, SECTOR LAS DELICIAS, MARACAY - EDO. ARAGUA.'),
(106, 'INVERSIONES HONG FOOK C.A', NULL, 'Empresa', '', 'AV. BOLIVAR NORTE, CC PROFESIONAL PB. LOCAL 9B,10B. VALENCIA'),
(107, 'INVERSIONES MICO 112.C.A', NULL, 'Empresa', '', 'CENTRO INDUSTRIAL LA UNION , N 3 VALENCIA - CARABODO R.I.F. V-41063218-6'),
(108, 'INVERSIONES PESCATORE C.A.', '04244643450', 'Empresa', '', 'MAÑONGO. KIOSKO DE EMPANADAS DOÑA LUCILA. AL FRENTE DE LA UNIDAD DE POST-GRADO DE LA UC Y UNIDAD EXPRESS. AL LADO DE LA PANADERIA'),
(109, 'INVERSIONES TORONTO 2009, CA', NULL, 'Empresa', '', 'AV LIMA, QUINTA SAN ANDRES, URB LOS CAOBOS, CARACAS'),
(110, 'INVERSIONES TRIGARRI, C.A', '04242875568', 'Empresa', '', 'CALLE MADRID. QUINTA YURUMA. LAS MERCEDES. CARACAS'),
(111, 'MISENPLAS.', '04121022658', 'Empresa', '', 'Av. Bolivar de Chacao.Frente a la Plaza Bolivar.Quinta Villa Luisa,portón negro. Bajando por la cuadra de la iglesia'),
(112, 'MIXOS SUSHI', '04242530703', 'Empresa', '', 'CALLE ALI PRIMERA CERCA DEL DISTRIBUIDOR LONGARAY EL VALLE CCS'),
(113, 'MOCA BARISTA C.A', NULL, 'Empresa', '', 'SAN ANTONIO DE LOS ALTOS'),
(114, 'MP WORKING CA', NULL, 'Empresa', '', 'AV 3F ENTRE CALLE 76 Y 77 SECTOR 5 DE JULIO, EDIF TORRE ALTUS NIVEL AZOTEA'),
(115, 'NATURE SUSHI C.A', '04142816510', 'Empresa', '', 'LOS TEQUES'),
(117, 'NELLYS BAIZ', '04241718856', 'Natural', '', '2DA TRANSVERSAL EL PARAISO'),
(118, 'NELSON ZARAZA', '04145476834', 'Natural', '', 'LOS TEQUES CARRIZAL'),
(119, 'NEOMAR GUERRA', '04241735307', 'Natural', '', 'SABANA GRANDE'),
(120, 'OKI SUSHI', NULL, 'Empresa', '', 'SAN ANTONIO'),
(121, 'OKINAWASUSHI CCS', '04144573135', 'Empresa', '', 'EL VALLE CCS'),
(122, 'OLVRE DIAZ', '04241818340', 'Natural', '', 'CARACAS'),
(123, 'OMAR MUSA', '04125335158', 'Natural', '', 'SAN JUAN DE LOS MORROS'),
(124, 'OSCAR GONZALEZ', '04129002977', 'Venezolano', '000', 'CATIA'),
(125, 'PAMA SUSHI', '04120110302', 'Empresa', '', 'CIUDAD TUNA .SIMON RODRIGUEZ, TORRE 28'),
(126, 'PANDA GOURMET', '04242242391', 'Empresa', '', 'BELLAS ARTES EDF KAPADARE'),
(128, 'PANDA SUSHI EXPRESS 268 PF', '04246488032', 'Empresa', '', 'STA IRENI, DIAGONAL AL HOTEL HOLIDAY. AL LADO DE AUTOELECTRO. PUNTO FIJO'),
(129, 'PAUSA RESTAURANTE C.A', '04241531515', 'Empresa', '', 'AV, JOSE MANUEL ALVAREZ , ED PONCIO MARRERO PB LOCAL KIOSKCO CARRIZAL MIRANDA'),
(130, 'PEDRO CACERES', '04123608302', 'Natural', '', 'LOS TEQUES'),
(132, 'PERC 2022, CA', '04143269196', 'Empresa', '', 'AV URDANETA'),
(133, 'PIACCI C.A', '04142626232', 'Empresa', '', 'CC GUATIRE'),
(135, 'PIMIENTA GOURMET', '04123335146', 'Empresa', '', 'CARICUAO UD 6BLOQUE 2 PB'),
(137, 'PLANETE SANDWISH C.A', '04248532807', 'Empresa', '', 'CIUDAD CENTER TORRE E PISO 8 LOCAL 84-E'),
(138, 'REST. LA TALANQUERA C.A', '04127192623', 'Empresa', '', 'LA GUAIRA'),
(141, 'REST. RICO PLATO', '04241265569', 'Empresa', '', 'BULEVAR DE CATIA'),
(143, 'RICO THAI SUSHI BAR', '04242066337', 'Empresa', '', 'AV. SAN RAFAEL LOCAL 75 SECTOR CASCO CENTRAL LOS VALLES DEL TUY'),
(147, 'SAKI SUSHI CCS', '04241251410', 'Empresa', '', 'AV. EL PARAISO CON CALLE JOSE FELIX RIVAS EDIF ROEN PB. SAN BERNARDINO. CARACAS'),
(149, 'SAKURESHI', '04268211551', 'Jurídico', '000', 'MK 13 EL JUNQUITO .FRENTE AL COLEGIO JUAN VICENTE BOLIVAR'),
(150, 'SALMON SUSHI BAR & LOUNGE C.A. (CIMA SUSHI)', '04126000513', 'Empresa', '', 'AV. LAS FUENTES DEL PARAISO, A DOS CUADRAS DE DAKA FRENTE A LA PANADERIA LAS FUENTES DEL PARAISO. CARACAS'),
(153, 'SDDV INVERSIONES 2024 CA', '04127066306', 'Empresa', '', 'CHAO EDIFICIO ALTAMIRA VILLAGE PISO MZZ LOCAL MZ01.'),
(156, 'SKY SUSHI', '04241632256', 'Empresa', '', 'CLUB VALLE ARRIBA. CARACAS'),
(158, 'SUSHI DELL 2021, C.A.', '04243000929', 'Empresa', '', 'AV BOLIVAR EDIF. DON ANTONI MARACAY'),
(159, 'SUSHI DELIVERY GUATIRE', '04125599375', 'Empresa', '', 'GUATIRE CC BUENA VENTURA'),
(162, 'SUSHI MAN GUATIRE', '04122967209', 'Empresa', '', 'GUATIRE SECTOR VALLE ARRIBA URB. JARDINES DE PACAIRIGUA GIRASOLES'),
(166, 'SUSHILANG', '04143266721', 'Empresa', '', 'ESCUELA NACIONAL DE ADMINISTRACION Y HACIENDA PUBLICA EN LOS RUICES BAJANDO EL ELEVADO'),
(168, 'SUSHISA', '04127183474', 'Empresa', '', '23 DE ENERO'),
(175, 'TORTAS DE LAURA C.A', '04126797021', 'Empresa', '', 'BARINAS . EDO BARINAS'),
(177, 'TU CASA GOURMET', '04241734972', 'Empresa', '', 'CARICUAO'),
(178, 'ULICES TORRES', '04141414373', 'Natural', '', 'CARICUAO'),
(179, 'UNAMI SUSHI Y WORK', '04149100838', 'Empresa', '', 'CARACAS'),
(180, 'VICTOR CANIZALES', '04129336443', 'Natural', '', 'LA VEGA'),
(181, 'VICTOR MARTINEZ', '04242960951', 'Natural', '', 'GUATIRE MIRANDA'),
(183, 'YEFERSON LOPEZ', '+56937655610', 'Natural', '', 'CALLE -3 PRO PATRIA FRENTE AL CECILIO ACOSTA'),
(184, 'YERMA BLANCO', '04242037603', 'Natural', '', 'ANDRES BELLO'),
(185, 'YOISY VELASQUEZ', '04145534167', 'Natural', '', 'EL PARAISO'),
(186, 'YULIBET PEREZ', NULL, 'Natural', '', '23 DE ENERO MONTE PIEDAD'),
(187, 'ZAKE SUSHI', '04241433140', 'Empresa', '', 'SAN ANTONIO DE LOS ALTOS'),
(188, 'ABILEYDIS DE JESUS', '04126673160', 'Natural', '', 'AV PRINCIPAL LA COOPERATIVA, CASA 16-17, DENTRO DEL VIVERO, PORTONES ALTOS NEGROS. MARACAY'),
(189, 'CATANA EXPRESS', '04244406898', 'Empresa', '', 'LOMAS DE ESMERALDA, MANZANA E9. CASA 15 SAN DIEGO'),
(190, 'EL MARQUES INVERSIONES CA', NULL, 'Empresa', '', 'CALLE 4 VEREDA 6A LOCAL 2 SECTOR BARRIO OBRERO MATURIN'),
(191, 'INV. SUCE LPG, CA', '000000000', 'Venezolano', '0000000000', 'AV. 4TA TRANSVERSAL. QUINTA ELOISA. URB. LOS PALOS GRANDES. CHACAO-CARACAS'),
(192, 'KUNG FU PANDA REST. CA', '04124051108', 'Jurídico', '506146622', 'AV. LECUNA ENTRE LAS ESQUINAS DE MIRANDA A PUERTO ESCONDIDO , PISO BP LOCAL NRO 08-02, SECTOR EL SILENCIO'),
(193, '0285 SUSHI, CA', '04249159822', 'Empresa', '', 'AV PASEO MENESES CASA NRO 30, SECTOR PASEO MENESES, PARROQUIA CATEDRAL, MUNICIPIO ANGOSTURA DEL ORINOCO, CIUDAD BOLIVAR. EDO BOLIVAR'),
(194, '714LCUNGE, CA', '04120263927', 'Empresa', '', 'CHARALLAVE'),
(195, 'ADRIAN CABRERA', '04128360290', 'Natural', '', 'GUARICO. VALLE DE LA PASCUA. URB JARDIN LA PASCUA. EDIF. LOS PINOS'),
(196, 'AISKEL RODRIGUEZ', '04127229591', 'Natural', '', 'EL PARAISO CARACAS'),
(197, 'ALIMENTOS OLIVARES 2015, CA', '04142211734', 'Empresa', '', 'CALLE LAS VEGAS EDIF DELCOP PISO PB OF PB URB LA TRINIDAD CARACAS. MIRANDA'),
(198, 'AMILCAR SIMOZA', '04140909514', 'Natural', '', 'CUMANA'),
(199, 'AMIRA DARWICH', '04248788888', 'Natural', '', 'GTA. TRANSVERSAL. EDIF DIRSMIL CCS.'),
(200, 'ANALIS TOYAR', NULL, 'Natural', '', 'PALO NEGRO'),
(203, 'GRUPO CHALOU 1985 CA (ARBOLEDA)', 'NULL', 'Empresa', '', 'URB LA ARBOLEDA TORRE IKONOS. MARACAY EDO- ARAGUA'),
(206, 'HANA SUSHI', '04124765113-04124867', 'Empresa', '', 'UEB. CARACAROS EDIFICIO CASTAÑO. NAGUANAGUA'),
(216, 'INV. SUCE LECHERIA', '0414-8399648', 'Empresa', '', 'AV.PRINCIPAL DE LENCHERIA CC LAS GAVIOTAS LOCAL 14 Y 15 URB ROMULO GALLEGOS LECHERIA'),
(223, 'JUAN GOMEZ', '0412-7066306', 'Persona Natural', '', 'CALLE MADRID LAS MERCEDES , QTA KEOPS PB N L1'),
(224, 'JUNIOR OLIVO', '0414-382.12.64', 'Persona Natural', '', 'ENCRUCIJADA DE CAGUA'),
(225, 'KAI SUSHI BAR', '0424-4542099', 'Empresa', '', 'CC. GALERIAS PRADOS DEL ESTE. CARACAS'),
(226, 'KOI SUSHI RESTO BAR C.A', '0414-9462491', 'Empresa', '', 'AV LAS DELICIAS CC REGIONAL PB MARACAY'),
(227, 'MANA SUSHI', '04129397983', 'Empresa', '', 'ENTRADA URB EL SAMAN GUACARA'),
(228, 'MARIANA ZERPA', '0424-4547540', 'Persona Natural', '', 'LA TRIGALEÑA'),
(229, 'MAURICIO FERRO', '04144202365', 'Persona Natural', '', 'URB. AGUA BLANCA. CONJUNTO PUENTE PIEDRA. RES. JASPE. VALENCIA'),
(230, 'MAXIMISUSHI EXPRESS- CARACAS', '04149063134', 'Empresa', '', 'URB. Bella Vista final de la 5ta avenida casa 03-34 justo al lado del colegio Nuestra Señora del Valle'),
(231, 'MAXIPESCA. C.A', '04244172330', 'Empresa', '', 'CALLE 86(SUCRE) N CIVICO 109-A-47 CASA S/N. BARRIO SANTA TERESA. FRENTE AL MERCADO PEREFERICO'),
(233, 'MISENLAB CARACAS', '04127098664', 'Empresa', '', 'AV. PRINCIPAL DE LA TRINIDAD. SAN MIGUEL. CARACAS'),
(234, 'NIKKEI SUSHI', '04121771882', 'Empresa', '', 'CC CAHIUA, NIVEL PB. LOCAL 21. CAGUA. MARACAY'),
(235, 'ODAS CAFE', '0414-3446379', 'Empresa', '', 'MARACAY URB LA FLORESTA AL LADO DE LA CAMARA DE COMERCIO A METROS DE LA MATERNIDAD LA FLORESTA'),
(236, 'OFERTAS CARACAS RC, C.A', '04129953899', 'Empresa', '', 'CALLE EL LAGO, CASA 6. URB. SAN BERNARDINO. CARACAS'),
(237, 'OKINA FOODS C.A', '04145476834', 'Empresa', '', 'CARRIZAL EDO MIRANDA'),
(238, 'ONOPOKE', '04127703223', 'Empresa', '', 'URB. EL VIÑEDO . CASA ELVIRA'),
(239, 'PESCADERIA COSTA AZUL LUCKY, C.A', '04124416168', 'Empresa', '', 'URB. PREBO, CALLE LOPEZ LATOUCHE. CC SEINCA 01. LOCAL 05. VALENCIA'),
(240, 'PROSPER TRADE LIMITED C.A', '04120419198', 'Empresa', '', 'AV. BOLIVAR NORTE. CC PROFESIONAL. LOCAL 1-1'),
(242, 'NAZARETH RAMOS', 'NULL', 'Persona Natural', '', 'SAN AGUSTIN'),
(293, 'SUSHI HIGUEROTE', '0412-7079837', 'Empresa', '', 'URB SAN LUIS, HIGUEROTE'),
(294, 'SUSHI VENEZUELA', '0414-2233007', 'Empresa', '', 'CARRIZAL LOS TEQUES'),
(295, 'AMILCAR MUGUERZA', 'NULL', 'Persona Natural', '', 'CARRERA 19 CON 11-12 BARQUISIMETO'),
(296, 'BOULEVARD ROSE TAPA BAR CA', '0424-5760788', 'Empresa', '', 'CC LOS CARDONES NIVEL PB LOCAL 44, 44A, 45 Y 46. BARQUISIMETO'),
(297, 'CHINA GOURMET BARQ', '0416-6516844', 'Empresa', '', 'CARRERA 2 ENTRE 2 Y 3 LOCAL NRO 2-13 URB NUEVA SEGOVIA, BARQUISIMETO'),
(298, 'COCINA NIKKEI CA', '0424-45216778', 'Empresa', '', 'CALLE 7 ENTRE CARRERA 1 Y 2. LOCAL NRO 8. NUEVA SEGOVIA. BARQUISIMETO'),
(299, 'EL DORADO BISTRO', '04245692542', 'Venezolano', '504885304', 'AV PEDRO LEON TORRES ESQUINA CALLE 46, LOCAL S/N BARQUISIMETO CENTRO'),
(301, 'HI TEA 8MS CA', '0412-6788354', 'Empresa', '', 'CARRERA 21 ENTRE 9 Y 10 LOCAL NRO 2. BARQUISIMETO'),
(303, 'LOS CHINOS LAW C.A (CHINA CONTINENTAL)', '0424-5031000', 'Empresa', '', 'CC. SAMBIL LOCAL R-04 AV. VENEZUELA CON ARGIMIRO BRACAMONTE.'),
(305, 'MIKOIN C.A', '0424-5899125', 'Empresa', '', 'AV. PRINCIPAL LOCAL LK-04, CENTRO TRAKI CABUDARE SECTOR LOS RASTROJOS'),
(306, 'NATZUKI SUSHI & GASTROBAR CA', '0414-0555681', 'Empresa', '', 'AV CARONI CASA S/N 486 URB FUNDA LARA , SECTOR ESTE, BARQUISIMETO'),
(307, 'NORTH SUSHI', '0424-5875514', 'Empresa', '', 'LAS CASITAS, AV PRINCIPAL ENTRE 9 Y 10-BARQUISIMETO'),
(309, 'JAVIER MATUTE', 'NULL', 'Persona Natural', '', 'CABUDARE, LA MORA. URB PETIMORA DOS'),
(311, 'TANGY COFFE BAR', '0424-5000108', 'Empresa', '', 'NULL'),
(321, 'GVENTOS SERVIC', '0414-3408904', 'Empresa', '', 'ZONA INDUSTRIAL'),
(341, 'JUAN CARLOS ANGARITA', '0424 4949592', 'Persona Natural', '', 'LOMAS DEL COUNTRY CONJUNTO 6A CASA 20 GUATAPARO. VALENCIA'),
(351, 'MELAOS CAKES CA', '04243427111', 'Empresa', '', 'AV BOLIVAR ESTE, EDIF. TORRE SINDONI MEZZANINA 1 LOCAL M1-1. MARACAY EDO. ARAGUA'),
(352, 'INV. HATSUHANA', '0424-2272016', 'Empresa', '', 'GUATIRE DETRAS DEL CC BUENAVENTURA RES. FRUTAS CONDOMINIUMS LOCAL'),
(353, 'INV. LIMITED TRAVEMARK 2008 C.A.', '0414-9047938', 'Empresa', '', 'CALLE EL CRISTO, EDIF 15-20, PISO PB, URB NUEVA CARACAS.'),
(354, 'INV. MI PUNTO', '04241718856', 'Jurídico', '401560130', 'EL PARAISO, CALLE SEGUNDA TRANSVERSAL , LOCAL MI PUNTO'),
(355, 'INV. PENCESEBAS 2022 C.A', '0412-5521979', 'Empresa', '', 'AV. SUR EDIF 247 LOCAL PB. EL SILENCIO. CARACAS'),
(356, 'INV. SABOGA C.A', '0424-1419278', 'Empresa', '', 'AV.FRANCISCO DE MIRANDA, CC LIDER NIVEL PLAZA LOCAL P06 LA CALIFORNIA'),
(357, 'INV. SAL Y PIMIENTA 0510 C.A', '0424-1419278', 'Empresa', '', 'AV FRANCISCO MIRANDA, CC LIDO NIVEL GALERIA LOCAL G34'),
(368, 'JESUS BRAVO', '0412-5505343', 'Persona Natural', '', 'SARRIA'),
(369, 'JHAN FRANCO', '0412-960-9444', 'Persona Natural', '', 'LOS VALLES DEL TUY'),
(371, 'JHONNY GARCIA', NULL, 'Persona Natural', '', 'EL VALLE'),
(373, 'JORQUEN LONGA', '0412-6308411', 'Persona Natural', '', '23 DE ENERO'),
(376, 'JOSE GREGORIA VALLENILLA', '0412-9268990', 'Persona Natural', '', 'EL HATILLO'),
(378, 'JOSE SILVEIRA', NULL, 'Persona Natural', '', 'VALLE LA PASCUA , GUARICO'),
(379, 'JUAN TORO', '0412-6161235', 'Persona Natural', '', ''),
(382, 'JUNIOR SUAREZ (FIRE SUSHI)', NULL, 'Persona Natural', '', 'PARROQUIA ANTIMANO, CALLE REAL CARAPITA'),
(383, 'KAREN KAFFURE', '0414-2388959', 'Persona Natural', '', '23 DE ENERO CALLE AYACUCHO, FRENTE AL BLOQUE 5 MONTE PIEDAD'),
(398, 'LUIS AGUILAR', '0424-9396230', 'Persona Natural', '', 'CLUB CHINO'),
(401, 'INV. FUENTE SOLIEDAD C.A', '0424-1419278', 'Empresa', '', 'AV, PPAL DE LA FUENTE EL PARAISO ED MONTE REY PISO PB.LOCAL 1Y2'),
(447, 'IVELISSE QUERALES G.', '04145137698', 'Natural', '', 'AV. ROTARIA ENTRE CARRERAS 18 Y 19 #18-39. BARQUISIMETO'),
(451, 'FATIMA ABDUL', '04245730909', 'Natural', '', 'VILLAS DEL ESTE 2 BARQUISIMETO'),
(453, 'MANGOS GASTROBAR CA', 'NULL', 'Empresa', '', 'AV 9C COMUNIDAD CARDON CCR LAS VIRTUDES LOCAL EL RODEO'),
(455, 'MARIA RIVERO', '0414-2507138', 'Persona Natural', '', 'LA CANDELARIA'),
(457, 'MARUMI C.A', '0414-3088340', 'Empresa', '', 'VALLE ARRIBA, AV SAN JUAN DE DIOS'),
(458, 'MARUMI LECHERIA', 'NULL', 'Empresa', '', 'AV. PRINCIPAL CC COCONUT CENTER NIVEL PB LOCAL 8-A SECTOR LECHERIA'),
(459, 'MASAKI SUSHI', '0412-9914448', 'Empresa', '', 'OCUMARE DEL TUY'),
(460, 'MENDOZA GIL', 'NULL', 'Persona Natural', '', 'GUATIRE'),
(461, 'MIGUEL PEÑA', '0424-1979871', 'Persona Natural', '', 'LA URBINA. CCS'),
(463, 'MIJOS SISHI', '0424-1989473', 'Empresa', '', 'MULTIPLAZA PARAISO NIVEL FERIA LOCAL F14'),
(471, 'NELSON ZARAZA', '0414-5476834', 'Persona Natural', '', 'LOS TEQUES CARRIZAL'),
(484, 'PEDRO MARTINEZ', 'NULL', 'Persona Natural', '', 'AV PRINCIPAL DEL CAFETAL, CC PLAZA LAS AMERICAS'),
(486, 'PICHISUSHI 24', '0412-9535702', 'Empresa', '', 'ISAIAS MEDINA ANGARITA CATIA AV PRINCIPAL DEL AMPARO CASA 15'),
(528, 'TRIGARRI C.A', 'NULL', 'Empresa', '', 'CALLE MADRIGAL, LAS MERCEDES'),
(540, 'JIRO', 'NULL', 'Empresa', '', 'NULL'),
(541, 'ALEJANDRO ANDARCIA PEREZ', '04242304357', 'Persona Natural', '', 'LA GUAIRA'),
(542, 'APERITIF GOURMET (SILEY)', '04265138325', 'Empresa', '', 'FUERTE TIUNA, ALCABALA 3, CCS'),
(552, 'INV. YAKUZA II C.A', '04242321562', 'Empresa', '', 'AV. SUR 21 CON AV BOLIVAR CC SAN MARTIN NIVEL BOLIVAR CONJUNTO RESIDENCIAL PARQUE CENTRAL LOCAL 32'),
(554, 'INVERSIONES BMF3015 CA', '04242257494', 'Empresa', '', 'CENTRO COMERCIAL SANTA PAULA'),
(556, 'INVERSIONES HOTEI 150, CA', '0412-7066306', 'Empresa', '', 'LAS MERCEDES. MIRANDA'),
(557, 'INVERSIONES JAPONESE RAMEN CA', '04242198189', 'Empresa', '', 'DR LOS 7TA TRANSVERSAL LOS PALOS GRANDES CCS'),
(559, 'INVERSIONES NARA 2021, C.A.', '04241419278', 'Venezolano', '501907200', 'AV. MARIA TERESA TORO ,RES. TAORMINA LOCAL 1-2-3 URB. LAS ACACIAS. CARACAS'),
(560, 'INVERSIONES RUBEN EXPRESS, CA', '0424-1159932', 'Empresa', '', 'SABANA GRANDE, CARACAS'),
(565, 'JOHAN', '04242097559', 'Persona Natural', '', 'CHARALLAVE'),
(581, 'KISEKI SUSHI', '04124276591', 'Empresa', '', 'SANTA CRUZ DEL ESTE'),
(583, 'KOI SUSHI HOUSE', '04125656153', 'Empresa', '', 'EL PARAISO'),
(585, 'KOMO SUSHI 2024', '04142848614', 'Empresa', '', 'PRIMERA AV SANTA EDUVIGIS. EDIF. SANTA EDUVIGIS, PB, JUNTO A KRISPY DONUTS'),
(586, 'LA COCINA DE JACKIE', '04243467485', 'Empresa', '', 'EL JUNQUITO'),
(588, 'LAURA MORALES', '04126797021', 'Persona Natural', '', 'MATURIN'),
(594, 'LUIS GONZALEZ (Guaira)', NULL, 'Persona Natural', '', 'LA GUAIRA'),
(605, 'INV. NAGOYA C.A', '0424-1419278', 'Empresa', '', 'QUINTA CRESPO'),
(641, 'LUIS OVALLOS', '0412-4231771', 'Persona Natural', '', 'EL PARAISO'),
(678, 'APERITIF GOURMET (SILEY)', '0426-5138325', 'Empresa', '', 'Fuerza Tiuna, Alcabala 3, CCS'),
(679, 'CARLOS RODRIGUEZ', '0414-2634350', 'Persona Natural', '', 'Bulevar del Cafetal, Calle El Morao con Calle Guiria, Caracas'),
(680, 'NOUR SALAMI', '0414-3969174', 'Persona Natural', '', 'Dos Caminos, Edificio Portal Los Chorros'),
(681, 'SMS 18 C.A', '0424-1289911', 'Empresa', '', 'CC Galerias Sebucán, Nivel C1'),
(685, 'KUNG FU PANDA REST. C.A', '0424-2355630', 'Empresa', '', 'Centro Comercial Sebucán'),
(687, 'BUBBLE TEA H2OKATE C.A', '0412-5671921', 'Empresa', '', 'CC Los Aviadores, Local 195-08, Maracay'),
(699, 'INV.R Y S 2305.C.A', '0414-2349653', 'Empresa', '', 'QUINTA CRESPO'),
(719, 'JULIETA RESTAURANTE C.A', '414-2922655', 'Empresa', '', 'SAMBIL LA CANDELARIA LOCAL SOTANO 7,ZONA GOURMET LOCAL ZG-20'),
(737, 'IRA CCS', '0424-1419278', 'Empresa', '', 'AV, PPAL DE LA FUENTE EL PARAISO ED MONTE REY PISO PB.LOCAL 1Y2'),
(828, 'INV. YAKUSHIMA 09-13 C.A', '0424-1419278', 'Empresa', '', 'AV. CASANOVA CC EL RECREO NIVEL C3 LOCAL LC3-C30 URB SABANA GRANDE'),
(851, 'JULIO CUMANA', '04242854540', 'Persona Natural', '', 'GUATIRE. CALLE EL HAMBRE'),
(977, 'MIGUEL QUINTERO', '0414-2244910', 'Persona Natural', '', 'CAFETAL'),
(984, 'SUSHI EXPRESS CARACAS', '0414-5941176', 'Empresa', '', 'CARACAS'),
(985, 'SUSHI HOUSE', '0414-4354634', 'Empresa', '', 'URB. EL BOSQUE, RES. MIRAGE'),
(987, 'UNAGUI SUSHI CARACAS', '0424-2408831', 'Empresa', '', 'CARACAS'),
(989, 'YTSUSHIROLLS', '0412-3456476', 'Empresa', '', 'CARACAS'),
(990, 'ZHUBA SUSHI MARACAY', '0424-3638132', 'Empresa', '', 'MARACAY'),
(998, 'URB. EL VIÑEDO', 'NULL', 'Empresa', '', 'CALLE 139. LOCAL 102, VALENCIA'),
(1006, 'SUSHI KATAN', '0414-3248684', 'Empresa', '', 'AV. PRINCIPAL DE LOS CHORROS, DENTRO DEL CLUB HEBRAICA'),
(1007, 'SUSHI KOFI', '04128870296', 'Empresa', '', 'CC VALLE LINDO, TURMERO, ARAGUA'),
(1008, 'WASABI SUSHI 2022,C.A', '0412-8963875', 'Empresa', '', 'CC CAGUA, CAHIUA LOCAL 92'),
(1009, 'DANIEL ALEJANDRO PEREZ', 'NULL', 'Persona Natural', '', 'VALENCIA'),
(1010, 'DON MANUEL GRILL C.A', '04242382385', 'Jurídico', '404879018', 'LA GUAIRA'),
(1011, 'EGLE PEREZ', '0412-933116', 'Persona Natural', '', 'LA CANDELARIA'),
(1012, 'EL DORADO CORPORATION 2024, CA', 'NULL', 'Empresa', '', 'CALLE LA CALERA, EDIF ANDREA PISO SOTANO 3 LOCAL 6 Y 7, PIEDRA AZUL, CARACAS'),
(1013, 'FUSION SUSHI', '0424-1315321', 'Empresa', '', 'GUARENAS RESIDENCIA TORREON'),
(1014, 'GABRIEL FERNANDEZ', '0414-3979954', 'Persona Natural', '', 'PARQUE CARABOBO'),
(1015, 'TANO SUSHI', '0424-2658062', 'Empresa', '', 'LOS CORTIJOS DE SARRIA, CALLE LA CEIBA, CASA 08'),
(1016, 'TEIKOKU', '0424-2394868', 'Empresa', '', 'CC. LA CASTILLA, LA CANDELARIA'),
(1017, 'TONY NADDAF', '04241938140', 'Persona Natural', '', 'MONTALBAN 2'),
(1023, 'SUSHI BAR STRIKE', '0414-9047838', 'Empresa', '', 'COLINAS DE BELLO MONTE, CCS'),
(1024, 'SUSHI FUSION PZO', '0424-9331660', 'Empresa', '', 'PUERTO ORDAZ'),
(1025, 'SUSHI GORDO ROLL (ANGEL DOMINGUEZ)', '04241791717', 'Empresa', '', 'LOS TEQUES'),
(1026, 'SUSHIBARLG', 'NULL', 'Empresa', '', 'LA GUAIRA'),
(1027, 'UMI TEI FOODS CA', '04129724744', 'Empresa', '', 'GUARENAS, EDO. MIRANDA'),
(1028, 'EMPRENDIMIENTO JESUS MOGOLLON 2 (SUSHESA)', '04245219689', 'Persona Natural', '', 'CC. PALMERA, AV SANTA BARBARA, CABUDARE'),
(1029, 'INVERGROUP TRINITARIAS, CA', '04245760788', 'Empresa', '', 'CC ALAS TRINITARIAS, NIVEL 1, LOCAL 1'),
(1031, 'MONTADITAS EL RANCHO BAR, CA', '0412-1152734', 'Empresa', '', 'CALLE 1 ENTRE CARRERA 2 Y 3 CASA NRO 4A-17, UR NUEVA SEGOVIA, BARQUISIMETO'),
(1035, 'SILVERSTONE, CA', '0414-5230336', 'Empresa', '', 'AV VENEZUELA, ENTRE AV BRACAMONTE Y AV. CONCORDIA, ZONA ESTE, BARQUISIMETO, LARA'),
(1036, 'SUSHI HOUSE CCS', '0412-3456476', 'Empresa', '', 'CARACAS'),
(1038, 'INVERSIONES JAPAN FOOD', '0414-2908172', 'Empresa', '', 'AV. FRANCISCO DE MIRANDA, CARACAS'),
(1039, 'SUSHI DELIVERY EXPRESS', '0412-9908274', 'Empresa', '', 'LA GUAIRA'),
(1040, 'SUSHI MARKET 2024, C.A', '0412-7865432', 'Empresa', '', 'AV. LOS CORTIJOS, CARACAS'),
(1041, 'TAKARA SUSHI BAR', '0414-2769085', 'Empresa', '', 'SAN CRISTÓBAL, TÁCHIRA'),
(1042, 'UMI SUSHI', '0412-6554920', 'Empresa', '', 'PUERTO ORDAZ'),
(1043, 'INVERSIONES SAKURA, C.A.', '0412-9876543', 'Empresa', '', 'AV. PRINCIPAL DE EL MARQUÉS, CARACAS'),
(1044, 'TOKIO EXPRESS', '0424-2223456', 'Empresa', '', 'AV. INTERCOMUNAL GUARENAS-GUATIRE'),
(1045, 'SUSHI YAKUZA', '0414-9832765', 'Empresa', '', 'LOS TEQUES'),
(1046, 'SUSHI PLANET', '0412-4563210', 'Empresa', '', 'MARGARITA, NUEVA ESPARTA'),
(1047, 'TOKIO RAMEN HOUSE', '0424-2987345', 'Empresa', '', 'CC SAMBIL, CARACAS'),
(1048, 'FUSION SUSHI EXPRESS', '0412-5436789', 'Empresa', '', 'VALENCIA, CARABOBO'),
(1049, 'SUSHI KING', '0416-8765432', 'Empresa', '', 'MARACAIBO, ZULIA'),
(1050, 'TOKIO SUSHI BAR', '0414-5678293', 'Empresa', '', 'SAN FERNANDO DE APURE'),
(1051, 'KABUKI SUSHI', '0424-6754321', 'Empresa', '', 'MATURÍN, MONAGAS'),
(1052, 'SAMURAI SUSHI HOUSE', '0412-9832765', 'Empresa', '', 'BARINAS, BARINAS'),
(1053, 'ROLL & GO SUSHI', '0414-2987654', 'Empresa', '', 'GUATIRE, MIRANDA'),
(1056, 'SUSHI ART', '0412-7654321', 'Empresa', '', 'AV. LOS ILUSTRES, CARACAS'),
(1057, 'SHINOBI SUSHI', '0416-9874321', 'Empresa', '', 'EL HATILLO, CARACAS'),
(1058, 'SUSHI MASTER', '0424-8765432', 'Empresa', '', 'CCCT, CARACAS'),
(1059, 'KATANA SUSHI', '0412-9876543', 'Empresa', '', 'SAN ANTONIO DE LOS ALTOS, MIRANDA'),
(1060, 'HIROSHIMA SUSHI BAR', '0414-7654321', 'Empresa', '', 'AV. BOLÍVAR, VALENCIA'),
(1061, 'TOKYO NIGHT SUSHI', '0412-5678901', 'Empresa', '', 'BARQUISIMETO, LARA'),
(1062, 'SUSHI ROLL FACTORY', '0416-9876543', 'Empresa', '', 'GUARENAS, MIRANDA'),
(1063, 'NAGASAKI SUSHI HOUSE', '0412-6543210', 'Empresa', '', 'LOS PALOS GRANDES, CARACAS'),
(1064, 'SAKURA SUSHI EXPRESS', '0424-5678901', 'Empresa', '', 'MARGARITA, NUEVA ESPARTA'),
(1065, 'SUSHI HOUSE JAPAN', '0414-2987654', 'Empresa', '', 'AV. LAS MERCEDES, CARACAS'),
(1066, 'ORIGAMI SUSHI', '04122042346', 'Jurídico', '501892199', 'CHACAO, CARACAS'),
(1067, 'TAMASHII SUSHI BAR', '0416-6543210', 'Empresa', '', 'EL MARQUÉS, CARACAS'),
(1068, 'TOKYO RAMEN & SUSHI', '0412-5678901', 'Empresa', '', 'VALENCIA, CARABOBO'),
(1070, 'SUSHI STREET', '0416-5432198', 'Empresa', '', 'PUERTO ORDAZ'),
(1071, 'SUSHI ROLLS EXPRESS', '0412-8765432', 'Empresa', '', 'GUATIRE, MIRANDA'),
(1072, 'SHOGUN SUSHI', '0424-5432189', 'Empresa', '', 'LA GUAIRA'),
(1073, 'SUSHI CHEF', '0414-8763210', 'Empresa', '', 'MARACAIBO, ZULIA'),
(1075, 'NIPPON SUSHI', '0412-5439876', 'Empresa', '', 'SAN FERNANDO DE APURE'),
(1076, 'SUSHI AVENUE', '0414-8765432', 'Empresa', '', 'SAN ANTONIO DE LOS ALTOS'),
(1077, 'SUSHI ARTISAN', '0412-6541239', 'Empresa', '', 'GUARENAS, MIRANDA'),
(1078, 'SUSHI FRESH', '0416-5437890', 'Empresa', '', 'MATURÍN, MONAGAS'),
(1079, 'SUSHI XPRESS', '0424-6547891', 'Empresa', '', 'BARINAS, BARINAS'),
(1080, 'SUSHI CRAFTERS', '0412-5436789', 'Empresa', '', 'MARACAY, ARAGUA'),
(1081, 'JAPAN SUSHI', '0416-8764321', 'Empresa', '', 'PUERTO LA CRUZ, ANZOÁTEGUI'),
(1082, 'SUSHI DELIGHTS', '0412-6549870', 'Empresa', '', 'AV. ANDRÉS BELLO, CARACAS'),
(1094, 'COCO´S INVERSIONES, C.A.', '0424-4300013', 'Empresa', '', 'AV DON JULIO CENTENO, CC EUROMAXX PLUS, NIVEL UNICO, LOCAL 2, MONTESERINO, VALENCIA'),
(1128, 'NUEVOS COMIENZOS 2023, CA', '0416-4194269', 'Empresa', '', 'AV LOS LEONES CON CALLE 2, LOCAL 34, TORRE MILENIUN, ZONA ESTE, BARQUISIMETO'),
(1130, 'CC LOS AVIADORES', '0414-4537-444', 'Empresa', '', 'AV LOS AVIADORES NIVEL PB LOCAL L195-19, VALENCIA, LOCAL 104-5'),
(1172, 'INVERSIONES YAKUZAMA', '0424-1987654', 'Empresa', '', 'AV. BOLIVAR, CARACAS'),
(1173, 'TOKYO SUSHI EXPRESS', '0412-8765432', 'Empresa', '', 'SAN CRISTÓBAL, TÁCHIRA'),
(1174, 'FUSION SUSHI HOUSE', '0416-2345678', 'Empresa', '', 'GUARENAS, MIRANDA'),
(1175, 'SUSHI TIME', '0424-3456789', 'Empresa', '', 'PUERTO ORDAZ, BOLÍVAR'),
(1176, 'JAPAN SUSHI BAR', '0412-9876543', 'Empresa', '', 'MATURÍN, MONAGAS'),
(1178, 'SUSHI HUB', '0412-4567890', 'Empresa', '', 'LA GUAIRA'),
(1180, 'SHINOBI SUSHI', '0424-2345678', 'Empresa', '', 'MARACAY, ARAGUA'),
(1181, 'SUSHI KING', '0412-6789012', 'Empresa', '', 'SAN FERNANDO DE APURE'),
(1182, 'SUSHI HOUSE JAPAN', '0416-3456789', 'Empresa', '', 'EL HATILLO, CARACAS'),
(1183, 'ORIGAMI SUSHI', '0412-9876543', 'Empresa', '', 'CHACAO, CARACAS'),
(1184, 'KABUKI SUSHI', '0414-4567890', 'Empresa', '', 'LOS TEQUES, MIRANDA'),
(1186, 'TOKYO NIGHT SUSHI', '0424-6789012', 'Empresa', '', 'MARGARITA, NUEVA ESPARTA'),
(1188, 'NIPPON SUSHI', '0416-5432198', 'Empresa', '', 'MARACAIBO, ZULIA'),
(1189, 'SUSHI XPRESS', '0412-4567890', 'Empresa', '', 'SAN ANTONIO DE LOS ALTOS'),
(1191, 'SUSHI CRAFTERS', '0416-2345678', 'Empresa', '', 'VALENCIA, CARABOBO'),
(1192, 'JAPAN SUSHI', '0412-8765432', 'Empresa', '', 'MARACAY, ARAGUA'),
(1193, 'SUSHI AVENUE', '0414-5678901', 'Empresa', '', 'PUERTO ORDAZ, BOLÍVAR'),
(1195, 'SHOGUN SUSHI', '0424-6789012', 'Empresa', '', 'CARACAS'),
(1196, 'SUSHI LAB', '0412-5432198', 'Empresa', '', 'GUARENAS, MIRANDA'),
(1197, 'TAMASHII SUSHI', '0416-2345678', 'Empresa', '', 'MATURÍN, MONAGAS'),
(1198, 'ZEN SUSHI BAR', '0412-8765432', 'Empresa', '', 'BARQUISIMETO, LARA'),
(1199, 'SAKURA SUSHI HOUSE', '0414-5678901', 'Empresa', '', 'MARACAIBO, ZULIA'),
(1200, 'ROLL & GO SUSHI', '0416-3456789', 'Empresa', '', 'SAN FERNANDO DE APURE'),
(1206, 'CARLOS MACHADO', '0424-4163203', 'Persona Natural', '', 'URB. LOS MANGOS, VALENCIA'),
(1237, 'VICTOR SALAS', '0414-49301650', 'Persona Natural', '', 'LOS DOS CAMINOS'),
(1247, 'INVERSIONES YAKUZAMA', '0424-1987654', 'Empresa', '', 'AV. BOLIVAR, CARACAS'),
(1276, 'SUSHI HOUSE VENEZUELA', '0424-1734972', 'Empresa', '', 'CARACAS'),
(1284, 'ZEN SUSHI LOUNGE', '0416-5432198', 'Empresa', '', 'VALENCIA, CARABOBO'),
(1318, 'JOSE CUMANA', '0412-5558304', 'Persona Natural', '', 'GUARENAS'),
(1319, 'JOSE GARCIAS', '0424-1081469', 'Persona Natural', '', 'EL HATILLO'),
(1320, 'JOSE MELO', '0424-2412138', 'Persona Natural', '', 'LOS CHORROS'),
(1323, 'JULIETA RESTAURANTE C.A', '0414-2922655', 'Empresa', '', 'SAMBIL LA CANDELARIA, LOCAL SOTANO 7, ZONA GOURMET, LOCAL ZG-20'),
(1327, 'KAZOKU SUSHI', '0412-6912615', 'Empresa', '', 'AV. BELLA VISTA, QUINTA SANTA BARBARA'),
(1328, 'KEIKO SUSHI CARACAS', '04129836780', 'Venezolano', '24589330', 'URB. LA CAMPIÑA, CARACAS'),
(1330, 'KIKO SUSHI (INV.MEV C.A)', '0414-9100838', 'Empresa', '', 'LOS PALOS GRANDES, C.C EL PATIO, GAMA EXPRESS 24 HRS'),
(1332, 'KOI SUSHI 2', '0424-465332', 'Empresa', '', 'AV. URDANETA'),
(1334, 'KOMA SUSHI', '0424-2115687', 'Empresa', '', 'CENTRO PARQUE CARACAS, LA CANDELARIA'),
(1337, 'LAR GOURMET', '0414-4900751', 'Empresa', '', 'LA VICTORIA, ARAGUA'),
(1339, 'LEONETTE DE ABREU', '0414-0163816', 'Persona Natural', '', 'PANADERIA GUICAMACUTO, VISTA ALEGRE, CALLE 2, CCS'),
(1340, 'LOS PERRIPOLLOS', '0414-0313299', 'Empresa', '', 'CALLE LA CEIBA, MANICOMIO, LA PASTORA'),
(1343, 'LUIS GONZALEZ (Candelaria)', '0424-8557215', 'Persona Natural', '', 'LA CANDELARIA'),
(1346, 'LUIS RIOS', 'NULL', 'Persona Natural', '', 'J.M DE LOS RIOS'),
(1347, 'LUISINO PAEZ', 'NULL', 'Persona Natural', '', 'MACARACUAY'),
(1348, 'MABA', '0424-3683525', 'Empresa', '', 'SAN FERNANDO DE APURE'),
(1349, 'MAFER CAFE', '0424-2781920', 'Empresa', '', 'CATIA'),
(1350, 'MAKI SUSHI', '0414-2205476', 'Empresa', '', 'SABANA GRANDE, CALLE LA IGLESIA'),
(1352, 'NTE SOLIEDAD C.A', '0424-1419278', 'Empresa', '', 'AV. PPAL DE LA FUENTE EL PARAISO ED MONTE REY PISO PB LOCAL 1Y2'),
(1362, 'INV. R Y S 2305 C.A', '0414-2349653', 'Empresa', '', 'QUINTA CRESPO'),
(1372, 'JHONATAN BARONI', '0424-2475019', 'Persona Natural', '', 'CCT LAS MERCEDES'),
(1436, 'MUNDO MOBILE MD', 'NULL', 'Empresa', '', 'LAS CHIMENEAS DETRÁS DEL MÓDULO POLICIAL EDIFICIO SOL NACIENTE'),
(1437, 'NELSON COLLANTES', '0424-5441626', 'Persona Natural', '', 'RESIDENCIA LOS PINOS, FRENTE AL CC LAS TRINITARIAS, BARQUISIMETO, LARA'),
(1438, 'NELSON ISMAEL GOMEZ ZERPA', '0412-7771301', 'Persona Natural', '', 'CALABOZO'),
(1439, 'NURHAN NEMR', 'NULL', 'Persona Natural', '', 'AV. CARACAS, DETRÁS DEL FUNG CENTER, FRENTE AL PARQUE EDIFICIO SAN PEDRO, BARQUISIMETO'),
(1440, 'ORBE EXOTIC FOOD', '0412-1787862', 'Empresa', '', 'SIN DIRECCIÓN ESPECIFICADA'),
(1441, 'OTOKAM CCS, CA', '0414-1141418', 'Empresa', '', 'HOTEL ALTAMIRA SUIT, CALLE PRIMERA TRANSVERSAL DE LOS PALOS GRANDES, CARACAS'),
(1442, 'RAFAT EL AFIF', '0424-8187099', 'Persona Natural', '', 'CALLE 18 CRUCE CON 3ERA CARRERA SUR, SECTOR PUEBLO NUEVO SUR, EDMUNDO BARRIOS, SIMÓN RODRÍGUEZ, EL TIGRE, ANZOÁTEGUI'),
(1443, 'REBECA CAMEJO', '0414-9342933', 'Persona Natural', '', 'LAS MERCEDES, CARACAS'),
(1444, 'REPRESENTACIONES SUMINISTROS ÉTICOS', '0414-7363093', 'Empresa', '', 'MÉRIDA'),
(1445, 'RESTAURANTE GUAYABAL SUSHI NAGUANAGUA', '0424-4140442', 'Empresa', '', 'CALLE 191, GUAYABAL, VALENCIA'),
(1446, 'RESTAURANTE HING FAI', '0424-5190760', 'Empresa', '', 'CALLE 31 ENTRE CARRERAS 22 Y 23, BARQUISIMETO'),
(1447, 'RYOSHI, CA', '0414-4440301', 'Empresa', '', 'CALLE RIVAS DÁVILA, CC VICTORIA CENTER II, NIVEL PB LOCAL A-83, SECTOR CENTRO, LA VICTORIA, ARAGUA'),
(1448, 'SAIKO SUSHI', 'NULL', 'Empresa', '', 'BARRIO LA LUZ, SECTOR CERRITO 2, VALENCIA'),
(1449, 'SAMIRA AWADA', '0424-5639821', 'Persona Natural', '', 'AV. LARA CRUCE CON LEONES, EDIF. GALERÍA SUITES, BARQUISIMETO'),
(1450, 'SANGIL CHOI', '0424-2674054', 'Persona Natural', '', '42B RESIDENCIA VALSER, CALLE SUAPURE, MIRANDA'),
(1451, 'SARAHI RIOS', '0412-8823023', 'Persona Natural', '', 'EL CASTAÑO, CALLE PUENTE NUEVO, FRENTE A LA ESCUELA DOLORES MENDOZA, MARACAY'),
(1452, 'SASHIMISUSHI', 'NULL', 'Empresa', '', 'SIN DIRECCIÓN ESPECIFICADA'),
(1453, 'SPORTS & GOLF ENTERTAINMENT, CA', '0414-9030180', 'Empresa', '', 'CALLE MADRID ENTRE MUCUCHÍES Y LA TRINIDAD, EDIF. CENTRO FINANCIERO MADRID, PISO 14, OFICINA 1414, URB. LAS MERCEDES, CARACAS'),
(1454, 'STEPHANY CHACÓN', 'NULL', 'Persona Natural', '', 'CARACAS'),
(1455, 'SUPERMARKET NAN YEN, CA', '0412-4601259', 'Empresa', '', 'AV. BOLÍVAR OESTE, LOCAL #206-A, CENTRO, MARACAY, EDO. ARAGUA'),
(1456, 'PEDRO MARTINEZ', '0412-3608302', 'Persona Natural', '', 'LOS TEQUES'),
(1459, 'PICHISUSHI 24', '0412-9535702', 'Empresa', '', 'ISAIAS MEDINA ANGARITA, CATIA, AV. PRINCIPAL DEL AMPARO'),
(1461, 'PISO 61 CAFE C.A', '0412-6122505', 'Empresa', '', 'AV. FINAL LECUNA, EDIF. TORRE ESTE, PISO PLANTA BAJA, LOCAL 8, URB PARQUE CENTRAL'),
(1464, 'REST. MULAN C.A', '0414-2922655', 'Empresa', '', 'LAS MERCEDES, CARACAS'),
(1469, 'ROBERT DOLORIER', 'NULL', 'Persona Natural', '', 'LA VICTORIA, EDO. ARAGUA'),
(1470, 'RUEDALO CCS 2023 C.A', '0414-3349373', 'Empresa', '', 'AV. PRINCIPAL SAN LUIS, CC SAN LUIS, LOCAL 15, BARUTA, CARACAS'),
(1473, 'SAKI SUSHI LA CANDELARIA', '0424-1251410', 'Empresa', '', 'AV. UNIVERSIDAD, LA CANDELARIA, FRENTE AL COLEGIO ANDRÉS BELLO'),
(1477, 'SATO', '0412-5949127', 'Empresa', '', 'CENTRO COMERCIAL CENTRO PLAZA, LOCAL SATO, ANTIGUO MACDONALD, CARACAS'),
(1479, 'SEIKOVIP', '0424-2272704', 'Empresa', '', 'AV. ANDRÉS BELLO, ALTURA RUDERI, QUINTA KELERA, CARACAS'),
(1482, 'SUSHI BOMBA', '0412-2928845', 'Empresa', '', 'AV. SAN MARTÍN, CARACAS'),
(1484, 'SUSHI FRESH CARACAS', '0424-2275707', 'Empresa', '', 'AV. ANDRÉS BELLO, CARACAS'),
(1485, 'SUSHI HOUSE VENEZUELA', '0424-2379924', 'Empresa', '', 'LOS TEQUES, MIRANDA'),
(1486, 'SUSHI NEW 23', '0424-1740221', 'Empresa', '', '23 DE ENERO, CARACAS'),
(1495, 'CC LOS AVIADORES', 'NULL', 'Empresa', '', 'AV LOS AVIADORES NIVEL PB LOCAL L195-19'),
(1522, 'SUSHI KOFI', '0412-8870296', 'Empresa', '', 'CC VALLE LINDO, TURMERO, ARAGUA'),
(1524, 'ACA SUSHI TENTACION', '0414-2315157', 'Empresa', '', 'CALLEJÓN LOS ROBLES, CASA 6908'),
(1526, 'DIST. CAYO DE AGUA', '0412-6130546', 'Empresa', '', 'CALLE LA JOYA CON AV. LIBERTADOR, CHACAO, CARACAS'),
(1527, 'DIST. DE ALIMENTOS EMALAY', '0424-2062572', 'Empresa', '', 'PRIMERA CALLE DE BELLO MONTE'),
(1528, 'DIST. OFFICE MUNDO C.A', '0412-1119532', 'Empresa', '', 'LOS RUICES'),
(1532, 'FIRE ROLLO', '0412-6126053', 'Empresa', '', 'CARICUAO'),
(1533, 'FRANKLIN ALVAREZ', '0424-2409155', 'Persona Natural', '', 'ANTIMANO'),
(1534, 'GOURMET 88, CA', '8618613182065', 'Jurídico', '505651480', 'AV ANDRÉS BELLO, CALLE SÁNCHEZ, EDI VIRGEN DEL VALLE'),
(1537, 'MAKI HOUSE', '0412-9642698', 'Empresa', '', 'CALLE PRINCIPAL, CALLEJÓN PÁEZ, CASA NRO 2, BARQUISIMETO'),
(1538, 'KAPADARE', 'NULL', 'Empresa', '', 'AV. PINTO SALINAS ENTRE FARMATODO Y GERALDS, CORO EDO FALCON'),
(1541, 'PEDRO CACERES', '0412-3608302', 'Persona Natural', '', 'AV PRINCIPAL DEL CAFETAL, CC PLAZA LAS AMERICAS'),
(1552, 'RESTOBAR MICHAEL CA', '04126308411', 'Empresa', '', '23 DE ENERO'),
(1556, 'SAKE BOOM CA', '04242478022', 'Empresa', '', 'ALTAMIRA'),
(1561, 'SALVAJE CCS, CA', '04124849096', 'Empresa', '', 'CALLE MADRID CON NEW YORK EDIF TORRE THE BOX PLANTAS PISO 8. URB LAS MERCEDES -CARACAS'),
(1565, 'SHIRROY SUSHI', '04162131476', 'Empresa', '', 'KL 13 DEL JUNQUITO CARACAS'),
(1568, 'SUSHI DELI 2021, C.A.', '0424-3000929', 'Empresa', '', 'AV BOLIVAR EDIF. DON ANTONI MARACAY'),
(1571, 'SUSHI HOUSE VENEZUELA VZLA', '04242379924', 'Empresa', '', 'AV PRINCIPAL DEL CAFETAL, CC PLAZA LAS AMERICAS'),
(1574, 'SUSHI SENSACION', 'NULL', 'Empresa', '', 'URB. SAN ANDRES EL VALLE'),
(1575, 'SUSHI.COM MATURIN', '0412-6999954', 'Empresa', '', 'MATURIN ESTADO MONAGAS'),
(1577, 'SUSHILOUNGE_LG', '04142816510', 'Empresa', '', 'LA GUAIRA'),
(1579, 'SUSHITAKOTAKO', '04129269308', 'Empresa', '', 'GUARENAS'),
(1580, 'TAKAI SUSHI VZLA', '04242268264', 'Empresa', '', 'AV. ANAUCO CC PORTICO LOCAL #19'),
(1583, 'TERRAZAS RESTAURANT SUSHI BAR CA', '04242881397', 'Empresa', '', 'LA GUAIRA'),
(1613, 'EUROASIA IMPORT, C.A', '0424-3356520', 'Empresa', '', 'AV PRIMERA, LOCAL NRO E-5, ZONA INDUSTRIAL SAN JACINTO, MARACAY'),
(1632, 'BOKAO SUSHI', '0412-6111703', 'Empresa', '', 'EL PARAISO'),
(1633, 'BRAYNER YORJAN MARTINEZ MATA', '0412-1467999', 'Persona Natural', '', 'PARQUE CARABOBO'),
(1634, 'CAMERO SAN BERNARDINO', '0412-5050725', 'Empresa', '', 'SAN BERNARDINO'),
(1635, 'CAMERO SUSHI', '0412-5050725', 'Empresa', '', 'LOS DOS CAMINOS'),
(1636, 'CARLOS CABRERA', '0412-1585001', 'Persona Natural', '', 'CHARALLAVE'),
(1639, 'CASTILLO JOHN', '0412-7090025', 'Persona Natural', '', 'CALLE EL CALVARIO CASA 59 SANTA ROSALIA'),
(1640, 'CHILL SUSHI 1', '04129858419', 'Jurídico', '23689695', 'Chapellin'),
(1641, 'COMERCIALIZADORA 13 MAYO C.A.', 'NULL', 'Empresa', '', 'CARRETERA PANAMERICANA KILOMETRO 12, LOCAL 4, SECTOR LAS MINAS DE SAN ANTHONY'),
(1642, 'COMERCIALIZADORA WORK 15 Ga C.A', '0412-3226423', 'Empresa', '', 'CRA PANAMERICANA KM 16 LOCAL S'),
(1644, 'DIST. C&C 27, C.A.', '0412-1119532', 'Empresa', '', 'NULL'),
(1647, 'DIST. EL PICCILO . CA', '0424-3473117', 'Empresa', '', 'CALLES RIVAS DAVILA ARAGUA LA VICTORIA'),
(1649, 'DIST.ACEVEN 2016 C. A', '0414-1132037', 'Empresa', '', 'CALLE TRANSVERSAL 4, ESQ AV, ANDRES BELLO QTA LA CHIRINGNELLA NRO PB ,URB LOS PÀLOS GRANDES'),
(1655, 'EL SARTEN GOURMET C.A', '0424-1396172', 'Empresa', '', 'CENTRO SIMON BOLIVAR'),
(1656, 'EL SAZON DE VILLA', '0424-289-10-56', 'Empresa', '', 'LOS VALLE DEL TUY'),
(1657, 'EMPRENDIMIENTO CHARLY RIOS', 'NULL', 'Empresa', '', 'CALLE BOLIVAR CASA FRENTE A LA PLACITA NRO SN SECTOR CENTRO TUCUPITA. DELTA AMACURO'),
(1658, 'ETNAGROUP C.A', 'NULL', 'Empresa', '', 'SAN ANTONIO DE LOS ALTOS'),
(1659, 'FABIAN ORTIZ', '0424-1511420', 'Persona Natural', '', 'AV.PRINCIPAL GUAYABITOS, LOCAL 6 BARUTA'),
(1660, 'FENG CHUNYAN', 'NULL', 'Persona Natural', '', 'CENTRO SOLANO. CCS'),
(1661, 'FENIX SUSHI', '0424-576641', 'Empresa', '', 'AV ANDRES BELLO CALLE SANCHEZ EDI VIRGEN DEL VALLE'),
(1666, 'GOMEZ JONNY', '0414-2426691', 'Empresa', '', 'MIRANDA GUATIRE, URB JARDINES DE PACAIRIGUA GIRASOL'),
(1668, 'GREVERE BARINAS', '0414-129367', 'Empresa', '', 'PROPATRIA'),
(1669, 'GRUPO CASA VERDE', '0414-2922655', 'Empresa', '', 'URB. LAS MERCEDES AV.ORINOCO EDIF.ARALAR'),
(1670, 'GRUPO KING KEBAB CA', '0424-9194884', 'Empresa', '', 'PUERTO ORDAZ, EDO. BOLIVAR'),
(1671, 'GUDIÑO RAFAEL', 'NULL', 'Persona Natural', '', 'AV PPAL DE MARIPEREZ.'),
(1672, 'HATTOORI HANZO', '0414-144387', 'Empresa', '', 'CC. LA PIRAMIDE NIVEL PLANTA BAJA LOCAL 18-B'),
(1673, 'HELENA DOMINGUEZ', 'NULL', 'Persona Natural', '', 'ALTAMIRA, QUINTA MITEJADO'),
(1675, 'INV SINDEL CA', 'NULL', 'Empresa', '', 'ALTAMIRA CCS'),
(1694, 'SUSHI FRESH VALENCIA', '0424-4626506', 'Empresa', '', 'URB. EL BOSQUE, RES. MIRAGE'),
(1696, 'SUSHI LOVERS', '0412-1890007', 'Empresa', '', 'EL VALLE'),
(1698, 'SUSHI PANDA', '0424-2134237', 'Empresa', '', 'CENTRO COMERCIAL LOS CEDROS CARACAS'),
(1699, 'SUSHI POKE LAS BALLENAS', '0424-3071465', 'Empresa', '', 'LAS BALLENAS MARACAY'),
(1700, 'SUSHI POKE, C.A', '0424-3071465', 'Empresa', '', 'AV. BERMUDEZ. CALLEJON SANTA ANA. PB. MARACAY'),
(1701, 'SUSHI ROLL CARACAS', '0412-3970160', 'Empresa', '', '2AV. CON CALLE 32A. MONTALBAN. CARACAS'),
(1702, 'SUSHI SAZON', '04127812840', 'Jurídico', '500799276', 'SANTA MONICA. CARACAS'),
(1703, 'SUSHI TIME 2024 C.A', '0414-1465207', 'Empresa', '', 'AV, CUARTO NORTE SUR CC OBELISCO NIVEL PB LOCAL 69 URB, SAN JACINTO'),
(1704, 'SUSHIBURGUER LECHERIA', '0412-0450220', 'Empresa', '', 'BARCELONA BOYACA 5 SECTOR 7 AV 38'),
(1705, 'SUSHIOOH', '0412-4300840', 'Empresa', '', 'CC LOS CERRITOS. LOCAL PB 06. PARAPARAL. LOS GUAYOS'),
(1706, 'TAKA SUSHI EXPRESS CA', '0424-4700590', 'Empresa', '', 'CLUB HOGAR HISPANO VALENCIA- AREA DE PISCINA, URB GUAPARO'),
(1707, 'TAO RESTAURANT, C.A', '0424-4037680', 'Empresa', '', 'CIRCULO MILITAR. MARACAY- ARAGUA'),
(1708, 'TERRANOSTRA- EAT GROUP C.A', '0414-4407700', 'Empresa', '', 'AV SAN FELIX CASA NRO 138-A-46 URB EL VIÑEDO. VALENCIA. CARABOBO'),
(1709, 'TONY HADDAD', '0414-4606727', 'Persona Natural', '', 'MARACAY URB LA SOLEDAD'),
(1710, 'TONY HALLAK', '0414-4505530', 'Persona Natural', '', 'MARACAY'),
(1711, 'TRUFA GASTRO BAR', '0412-3443445', 'Empresa', '', 'AV SAN FELIX CASA NRO 138-A-46 URB EL VIÑEDO. VALENCIA. CARABOBO'),
(1713, 'YOSBER', 'NULL', 'Empresa', '', 'VALENCIA'),
(1714, 'YOSMAR ESCORCHA', '0424-4517520', 'Persona Natural', '', 'LOS COLORADOS - VALENCIA'),
(1716, 'ZUKA VALENCIA C.A', '0412-8677072', 'Empresa', '', 'CC CONCEPTO LA VIÑA NIVEL 1 LOCAL P1 L7 C2'),
(1717, 'ALIMENTOS ELIBER C.A', '0412-7080116', 'Empresa', '', 'NULL'),
(1718, 'SOLUCIONES AQUATECH,C.A', '0414-1227643', 'Empresa', '', 'NULL'),
(1719, 'ARRECIFE FISH & SUSHI BISTRO', '0212-9790382', 'Empresa', '', 'NULL'),
(1720, 'BARAKI MULTITIENDA C.A', '0414-2955514', 'Empresa', '', 'NULL'),
(1721, 'BODEGON LA CANAIMA', '0412-0903653', 'Empresa', '', 'NULL'),
(1722, 'BODEGON SHU MARKET', '0424-2237942', 'Empresa', '', 'NULL'),
(1723, 'BUFALO STEAK HOUSE', '0414-2800570', 'Empresa', '', 'NULL'),
(1724, 'DIEGO SEIJAS', '0412-1422043', 'Persona Natural', '', 'NULL'),
(1725, 'FERNANDO CHEUNG', '0414-2998899', 'Persona Natural', '', 'NULL'),
(1726, 'JEQUE MARKET 2019 C.A', '0412-5364902', 'Empresa', '', 'NULL'),
(1727, 'JOSE GAMEZ', '0424-3352625', 'Persona Natural', '', 'NULL'),
(1728, 'MARISOL OH', '0412-3173374', 'Persona Natural', '', 'NULL'),
(1729, 'MIRO CAFE C.A', '0412-9723000', 'Empresa', '', 'NULL'),
(1730, 'NANOS SUSHI', '0414-1144762', 'Empresa', '', 'NULL'),
(1731, 'OKAYAMA', '0412-9949828', 'Empresa', '', 'NULL'),
(1732, 'PASEO GOURMET C.A', '0414-2603520', 'Empresa', '', 'NULL'),
(1733, 'ROSIREE PINTO', '0414-1448605', 'Persona Natural', '', 'NULL'),
(1734, 'YORJAN MARTINEZ MATA', '04121467999', 'Persona Natural', '', 'PARQUE CARABOBO'),
(1738, 'CARLOS ROLDAN', '04243473117', 'Venezolano', '18163632', 'LA VICTORIA - EDO ARAGUA'),
(1739, 'CARLOS VIANA', '04142212535', 'Persona Natural', '', 'DC LA GUAIRA'),
(1744, 'DETALLES LA KRRETA DEL SAMAN CA', '04242839858', 'Empresa', '', 'UNIVERSIDAD METROPOLITANA. CCS'),
(1750, 'DOMINGO LUISI', '04127255663', 'Persona Natural', '', 'SANTA MONICA AV RAMON IGNACIO MENDEZ'),
(1752, 'EDUARDO BRICEÑO', '04149043501', 'Venezolano', '18024069', 'ESQUINA SALAS EDIFICIO SALAS, AL FRENTE DEL MINISTERIO DE EDUCACION. CARACAS'),
(1766, 'GRUPO KING KEBAB CA', '04249194884', 'Empresa', '', 'PUERTO ORDAZ, EDO. BOLIVAR'),
(1779, 'INV.NAGOYA C.A', '0424-1419278', 'Empresa', '', 'CCCT-CCS'),
(1782, 'INVERSIONES GOURMET PLANET C.A', '0424-48532807', 'Empresa', '', 'AV 4TA ENTRE 6TA Y 7MA TRANSVERSAL, LOCAL LA CASA DEL CORDERO, URB. LOS PALOS GRANDES - CHACAO. MIRANDA'),
(1785, 'INVERSIONES LA VELA DE DUBAI', '0414-2730658', 'Empresa', '', 'LA YAGUARA'),
(1819, 'LUIS GONZALEZ', 'NULL', 'Persona Natural', '', 'LA GUAIRA'),
(1820, 'LUIS OVALLOS', '0412-4231771', 'Persona Natural', '', 'EL PARAISO'),
(1827, 'MARIA GARCIA', '0412-1913246', 'Persona Natural', '', 'BOCA DE UCHIRE, EDO ANZOATEGUI');
INSERT INTO `clientes` (`id`, `nombre`, `telefono`, `tipo`, `ci`, `direccion`) VALUES
(1829, 'MARIFE SUAREZ', '0412-8041784', 'Persona Natural', '', 'PARQUE CENTRAL'),
(1831, 'Esteban Florez', '04128970019', 'Venezolano', '31342325', 'Calle 10'),
(1832, 'Sujenny caripe ', '04242321502', 'Venezolano', '26475033', 'San Berrnardino'),
(1833, 'david PROGRAMADOR', '04120187337', 'Venezolano', '12555555', 'maracay'),
(1834, 'Inversiones SMS 18 C.A', '04241289911', 'Jurídico', '505860305', 'Cc galería sebucán nivel C1 local 1 Av transversal 10 con Av los chorros carcas 1071 miranda'),
(1835, 'Inv Todo Rico JJ C.A', '04127250011', 'Jurídico', '503583460', 'Av. Casanova, sábana grande, Caracas '),
(1836, 'Avícola las palmas 217.C.A', '04128560316', 'Jurídico', '310483299', 'Caracas'),
(1837, 'PETER campus ', '04143397678', 'Venezolano', '14558937', 'Petare'),
(1838, 'Lianela lameda ', '04127740397', 'Venezolano', '14177182', 'La candelaria '),
(1839, 'Inversiones 808007 C.A', '04241024643', 'Jurídico', '310231940', 'California '),
(1840, 'Jhonny Rojas ', '04142925646', 'Venezolano', '13835195', '23 enero '),
(1841, 'Lisbeth bello', '04140285168', 'Venezolano', '18130410', 'City market'),
(1843, 'ALIMENTOS OCEAN BLUE 2022 CA', '', 'Jurídico', '', 'BOLEITA SUR'),
(1844, 'AMOR&FISH ( SOLUCIONES AQUATECH,C.A', '', 'Jurídico', '04141227643', 'LOS CHAGUARAMOS. AV EL ESTADIO CRUCE CON CALLE ALMA ,ATER QtA '),
(1845, 'ANGEL ESCOBAR (TEMAKI SUSHI)', '04129610606', 'Jurídico', '00000000', 'AV. URDANETA'),
(1846, 'ANGEL SOLARTE', '', 'Jurídico', '04169243607', 'AMAZONA'),
(1847, 'ASIA CCS', '', 'Juridico', '04242805139', 'ESQ PELIGRO LA CANDELARIA'),
(1848, 'AUSTRALIS FOOD', '', '', '0414-2255573', 'AV. MANZANARES C/C CALLE PASEO URBA BARUTA'),
(1849, 'CHILL SUSHI (SAN ANTONIO)', '', '', '', 'SAN ANTONIO'),
(1850, 'DIST. DE ALIMENTOS EMALAY', '', 'jurídico', '0424-2062572', 'PRIMERA CALLE DE BELLO MONTE CON APAMATES EDF'),
(1851, 'KOKO PARAISO 2022 C.A', '00000000000', 'Venezolano', '0000000000000', 'URB . EL PARAISO AV LOYOLA , HOTEL NOVU, PLANTA BAJA'),
(1852, 'KOKOPRADO', '', '', '04245135757', 'CC. GALERIAS PRADOS DEL ESTE. CARACAS'),
(1853, 'KOKOSUSHI GUATIRE', '04128051041', 'Venezolano', '04245135757', 'CENTRO COMERCIAL BUENAVENTURA. GUATIRE. CARACAS'),
(1854, 'PANDA SUSHI EXPRESS 268', '', 'jurídico', '04147352705', 'AV. PINTO SALINAS ENTRE FARMATODO Y GERALDS, CORO EDO FALCON'),
(1855, 'SMARTSHOP SOLUCIONES INTEGRALES', '000000000', 'Venezolano', '0000000000', 'PRADOS DEL ESTE CALLE SAN ANDRES AV.RIO DE ORO'),
(1856, 'SUPER BURGER 20-15 CA', '', '', '04241272440', 'AV. JOSE ANTONIO PAEZ. EDIFICIO PARAISO. PLANTA BAJA, LOCAL 3-B. URB. EL PARAISO. CARACAS'),
(1857, 'SUSHI BUKED DELIVERY', '', '', '04242595293', 'EL LLANITO, EN LA BOMBA DE GASOLINA. CARACAS'),
(1858, '15 DOCE CAFE', '', '', '0414-9166548', 'AV . TEHERAN, UNIVERSIDAD CATOLICA ANDRES BELLO, EDF. LA CASA DEL ESTUDIANTE PISO PB , LOCAL PB,'),
(1859, 'Omar zaour', '04243697055', 'Venezolano', '30153066', 'Chacao'),
(1860, 'Leonel palacios ', '04125762149', 'Venezolano', '16972185', 'Caracas'),
(1861, 'Sandra Ramirez', '04129973303', 'Venezolano', '10909303', 'San Jose'),
(1862, 'GRUPO LPG', '04242883549', 'Jurídico', '505510169', 'Los palos grandes '),
(1863, 'GRUPO TSUBAKI . C.A', '000', 'Jurídico', '3117515277', 'Los cortijos '),
(1864, 'Sergio marrero', '04242435730', 'Venezolano', '24073431', 'Colina de los ruices '),
(1866, 'Distribuidora pie de pescado ', '02122646218', 'Jurídico', '50121501214948', 'Chacao'),
(1867, 'GRUPO ALIMENTICIO FIPES', '04241993756', 'Jurídico', '317682459', 'Parroquia alta gracias al frente de la plaza del bcb caracas '),
(1868, 'DE INVERSIONES 3003 C.A', '04129709546', 'Jurídico', '311369970', 'Aeropuerto nacional Maiquetía '),
(1869, 'EL PIZZACCION , C. A.', '04129860392', 'Jurídico', '501214557', 'Plaza Bolívar el Hatillo'),
(1870, 'El portu', '04241731591', 'Venezolano', '00000000', 'La candelaria'),
(1871, 'ANGEL ILARRAZA ', '04120000', 'Venezolano', '151679469', 'San Martin'),
(1872, 'STEFANI CHACON', '000000', 'Venezolano', '0000000', 'Caracas'),
(1873, 'JAVIER ROMERO ', '04120263927', 'Venezolano', '26787418', 'Charallave '),
(1874, 'Julio Cisneros ', '04242742431', 'Venezolano', '20910446', 'Pinto salina '),
(1875, 'Inversiones cisne 777', '04142539557', 'Jurídico', '502506950', 'La Guaira '),
(1876, 'Adrián Ortiz ', '04241708863', 'Venezolano', '18728474', 'Los valles del tuy'),
(1877, 'POLLOS TICOS', '04241634979', 'Jurídico', '403047839', 'Caricuao ccs'),
(1878, 'KONSONY SUSHI ', '04129003841', 'Venezolano', '22019054', 'San benardito calle lago'),
(1879, 'Andrés torres ', '04242916266', 'Venezolano', '22019054', 'Bellas artes '),
(1880, 'INSU SUSHI', '04123608302', 'Empresa', '', 'LOS TEQUES MIRANDA'),
(1881, 'NELSON CARABALLO', '04123799732', 'Venezolano', '18761200', 'CATIA'),
(1882, 'Andrés Torres', '04142916266', 'Venezolano', '31658013', 'Ruiz Pineda'),
(1883, 'Aranza gamboa', '04242079067', 'Venezolano', '29565896', 'La california'),
(1884, 'MADELEIN MIJARES ', '00000', 'Venezolano', '19368978', 'Guatire Valle Arriba '),
(1885, 'HENRRY HERNANDEZ ', '04123535587', 'Venezolano', '1802587', 'Colina de Bello Monte'),
(1886, 'CARLOS FERNANDEZ', '04247622976', 'Venezolano', '21207286', 'EL VALLE'),
(1887, 'KAIBAR ', '04241989934', 'Venezolano', '0000000', 'El paraiso'),
(1888, 'LEONARDO OCANTO ', '04243765303', 'Venezolano', '27776524', 'Museo de José gregorio'),
(1889, 'YOSELYN PIMENTEL', '04242669105', 'Venezolano', '20051708', 'Catia '),
(1890, 'FRANKLIN RUDIÑO', '04125392040', 'Venezolano', '15827476', 'Coche'),
(1891, 'VANESA SALAZAR', '04121613787', 'Venezolano', '17146420', 'Pinto Salinas'),
(1892, 'AHILYN BRAVO ', '04242772765', 'Venezolano', '23200523', 'PETARE '),
(1893, 'YEFERSON QUINTERO ', '04142654805', 'Venezolano', '19763395', 'SAN ANTONIO DE LOS ALTOS'),
(1894, 'ANTONY PEREZ ', '04147520618', 'Venezolano', '30391660', 'EDF. LOS INDIOS, CHACAO'),
(1895, 'ANDRES TORRES', '04142916266', 'Venezolano', '31658013', 'AV RUIZ PINEDA'),
(1896, 'LEAGUE OF SUSHI LG', '04122980374', 'Venezolano', '24804094', 'La Guaira '),
(1897, 'Andreina rios', '000', 'Jurídico', '000', 'Valle de la pascua '),
(1898, 'DISTRIBUIDORA ESEEX , C.A', '000', 'Jurídico', '408427893', 'Anzoátegui '),
(1899, 'ALBERTO   DE CAIRES', '04126096890', 'Venezolano', '1017261', 'LOS CAOBOS'),
(1900, 'BAYRON COLT', '04242234228', 'Venezolano', '25011124', 'GUAICOCO'),
(1901, 'KOMILONA', '04242524698', 'Jurídico', '311030328', 'METRO CENTER'),
(1902, 'Jesús villarroel', '04126126053', 'Venezolano', '18221634', 'Caricuao bloque 1 a '),
(1903, ' MAYIRA RODRIGUEZ', '04128245152', 'Venezolano', '11165076', 'ANDRES BELLOS'),
(1904, 'EVENTO HOY TOCA', '04142804808', 'Jurídico', '412896210', 'Macaracuai'),
(1905, 'RUBÉN DARIO', '04123958447', 'Venezolano', '10528355', 'Andrés bello'),
(1906, 'Anderson castillo', '04241484567', 'Venezolano', '000', 'Caracas '),
(1907, 'SINAI  CAMEJO', '0000', 'Venezolano', '000', 'PLAZA VENEZUELA'),
(1908, 'Jhoan garnica ', '04242966876', 'Venezolano', '14774572', 'Andrés bello ');

-- --------------------------------------------------------

--
-- Estructura de tabla para la tabla `cotizaciones`
--

CREATE TABLE `cotizaciones` (
  `id` bigint UNSIGNED NOT NULL,
  `fecha` datetime NOT NULL,
  `total` decimal(9,2) NOT NULL,
  `hasta` date NOT NULL,
  `idCliente` bigint DEFAULT NULL,
  `idUsuario` bigint NOT NULL
) ENGINE=InnoDB DEFAULT CHARSET=utf8mb4 COLLATE=utf8mb4_general_ci;

--
-- Volcado de datos para la tabla `cotizaciones`
--

INSERT INTO `cotizaciones` (`id`, `fecha`, `total`, `hasta`, `idCliente`, `idUsuario`) VALUES
(12, '2025-04-10 13:16:14', 50.00, '2025-04-11', 1833, 1),
(13, '2025-04-10 13:18:04', 130.00, '2025-04-25', 1833, 1),
(14, '2025-04-10 13:22:47', 118.00, '2025-04-18', 1833, 1),
(15, '2025-04-10 13:32:19', 47.00, '2025-04-18', 1833, 1),
(16, '2025-04-10 20:23:03', 36.00, '2025-04-18', 1833, 1),
(17, '2025-04-15 15:56:23', 750.72, '2025-04-17', 1846, 1),
(18, '2025-04-17 01:58:18', 30.00, '2025-04-18', 1833, 1),
(19, '2025-04-22 09:02:30', 1000.00, '2025-04-25', 1894, 8),
(20, '2025-04-28 15:52:54', 393.00, '2025-04-28', 453, 8);

-- --------------------------------------------------------

--
-- Estructura de tabla para la tabla `cuentas_apartados`
--

CREATE TABLE `cuentas_apartados` (
  `id` bigint UNSIGNED NOT NULL,
  `fecha` datetime NOT NULL,
  `total` decimal(9,2) NOT NULL,
  `dias` int NOT NULL,
  `tipo` enum('apartado','cuenta') CHARACTER SET utf8mb4 COLLATE utf8mb4_general_ci NOT NULL,
  `idCliente` bigint DEFAULT NULL,
  `idUsuario` bigint NOT NULL
) ENGINE=InnoDB DEFAULT CHARSET=utf8mb4 COLLATE=utf8mb4_general_ci;

--
-- Volcado de datos para la tabla `cuentas_apartados`
--

INSERT INTO `cuentas_apartados` (`id`, `fecha`, `total`, `dias`, `tipo`, `idCliente`, `idUsuario`) VALUES
(12, '2025-04-02 16:26:41', 144.00, 200, 'cuenta', 1702, 1),
(13, '2025-04-03 10:10:23', 2300.00, 200, 'cuenta', 1482, 8),
(14, '2025-04-03 11:06:47', 636.00, 200, 'cuenta', 557, 8),
(15, '2025-04-03 11:34:37', 15.00, 200, 'cuenta', 557, 1),
(16, '2025-04-03 11:41:56', 244.00, 200, 'cuenta', 1010, 1),
(17, '2025-04-03 11:51:46', 983.00, 200, 'cuenta', 1579, 1),
(18, '2025-04-03 17:13:20', 24.00, 200, 'cuenta', 1479, 8),
(19, '2025-04-03 17:34:12', 960.00, 200, 'cuenta', 398, 8),
(20, '2025-04-04 08:12:31', 1603.00, 200, 'cuenta', 1482, 1),
(21, '2025-04-04 10:08:53', 1990.28, 200, 'cuenta', 1568, 1),
(22, '2025-04-04 10:35:21', 166.00, 200, 'cuenta', 355, 8),
(23, '2025-04-02 16:26:41', 174.00, 200, 'cuenta', 1858, 1),
(24, '2025-04-04 13:41:08', 161.00, 200, 'cuenta', 115, 1),
(25, '2025-04-04 16:26:41', 1503.24, 200, 'cuenta', 1844, 1),
(26, '2025-04-04 16:26:41', 200.00, 200, 'cuenta', 15, 1),
(27, '2025-04-04 16:26:41', 655.80, 200, 'cuenta', 1845, 1),
(28, '2025-04-04 16:26:41', 325.00, 200, 'cuenta', 1846, 1),
(29, '2025-04-04 16:26:41', 425.00, 200, 'cuenta', 1847, 1),
(30, '2025-04-04 16:26:41', 576.40, 200, 'cuenta', 1848, 1),
(31, '2025-04-04 16:26:41', 362.00, 200, 'cuenta', 1635, 1),
(32, '2025-04-04 16:26:41', 447.00, 200, 'cuenta', 1738, 1),
(33, '2025-04-04 16:26:41', 7860.80, 200, 'cuenta', 1640, 1),
(34, '2025-04-04 16:26:41', 119.86, 200, 'cuenta', 37, 1),
(35, '2025-04-04 16:26:41', 1869.64, 200, 'cuenta', 1849, 1),
(37, '2025-04-04 16:26:41', 4408.24, 200, 'cuenta', 47, 1),
(38, '2025-04-04 16:26:41', 328.00, 200, 'cuenta', 1527, 1),
(39, '2025-04-04 16:26:41', 360.00, 200, 'cuenta', 1010, 1),
(40, '2025-04-04 16:26:41', 252.24, 200, 'cuenta', 1012, 1),
(41, '2025-04-04 16:26:41', 90.00, 200, 'cuenta', 63, 1),
(42, '2025-04-04 16:26:41', 182.60, 200, 'cuenta', 1655, 1),
(43, '2025-04-04 16:26:41', 2664.04, 200, 'cuenta', 1656, 1),
(44, '2025-04-04 16:26:41', 197.40, 200, 'cuenta', 1661, 1),
(45, '2025-04-04 16:26:41', 1607.00, 200, 'cuenta', 78, 1),
(46, '2025-04-04 16:26:41', 1007.52, 200, 'cuenta', 1013, 1),
(47, '2025-04-04 16:26:41', 278.04, 200, 'cuenta', 1534, 1),
(48, '2025-04-04 16:26:41', 330.98, 200, 'cuenta', 1669, 1),
(49, '2025-04-04 16:26:41', 67.40, 200, 'cuenta', 1170, 1),
(50, '2025-04-04 16:26:41', 191.40, 200, 'cuenta', 401, 1),
(51, '2025-04-04 16:26:41', 3925.00, 200, 'cuenta', 352, 1),
(52, '2025-04-04 16:26:41', 300.00, 200, 'cuenta', 98, 1),
(53, '2025-04-04 16:26:41', 1038.00, 200, 'cuenta', 353, 1),
(54, '2025-04-04 16:26:41', 285.00, 200, 'cuenta', 354, 1),
(55, '2025-04-04 16:26:41', 2081.09, 200, 'cuenta', 355, 1),
(56, '2025-04-04 16:26:41', 59.00, 200, 'cuenta', 356, 1),
(57, '2025-04-04 16:26:41', 293.70, 200, 'cuenta', 357, 1),
(58, '2025-04-04 16:26:41', 3028.34, 200, 'cuenta', 100, 1),
(59, '2025-04-04 16:26:41', 652.00, 200, 'cuenta', 103, 1),
(60, '2025-04-04 16:26:41', 217.00, 200, 'cuenta', 828, 1),
(61, '2025-04-04 16:26:41', 815.63, 200, 'cuenta', 525, 1),
(62, '2025-04-04 16:26:41', 280.00, 200, 'cuenta', 1779, 1),
(63, '2025-04-04 16:26:41', 5013.34, 200, 'cuenta', 1782, 1),
(64, '2025-04-04 16:26:41', 791.00, 200, 'cuenta', 557, 1),
(65, '2025-04-04 16:26:41', 77.60, 200, 'cuenta', 559, 1),
(66, '2025-04-04 16:26:41', 260.00, 200, 'cuenta', 368, 1),
(67, '2025-04-04 16:26:41', 570.00, 200, 'cuenta', 369, 1),
(68, '2025-04-04 16:26:41', 28.00, 200, 'cuenta', 371, 1),
(69, '2025-04-04 16:26:41', 143.60, 200, 'cuenta', 1319, 1),
(70, '2025-04-04 16:26:41', 846.04, 200, 'cuenta', 378, 1),
(71, '2025-04-04 16:26:41', 266.80, 200, 'cuenta', 851, 1),
(72, '2025-04-04 16:26:41', 506.00, 200, 'cuenta', 382, 1),
(73, '2025-04-04 16:26:41', 321.00, 200, 'cuenta', 1327, 1),
(74, '2025-04-04 16:26:41', 48.00, 200, 'cuenta', 1328, 1),
(75, '2025-04-04 16:26:41', 338.12, 200, 'cuenta', 1330, 1),
(76, '2025-04-04 16:26:41', 389.52, 200, 'cuenta', 1332, 1),
(77, '2025-04-04 16:26:41', 1938.35, 200, 'cuenta', 1851, 1),
(78, '2025-04-04 16:26:41', 3978.92, 200, 'cuenta', 1852, 1),
(79, '2025-04-04 16:26:41', 2143.41, 200, 'cuenta', 1853, 1),
(80, '2025-04-04 16:26:41', 168.00, 200, 'cuenta', 1334, 1),
(81, '2025-04-04 16:26:41', 77.08, 200, 'cuenta', 585, 1),
(82, '2025-04-04 16:26:41', 200.00, 200, 'cuenta', 1340, 1),
(83, '2025-04-04 16:26:41', 1411.08, 200, 'cuenta', 1346, 1),
(84, '2025-04-04 16:26:41', 300.56, 200, 'cuenta', 1348, 1),
(85, '2025-04-04 16:26:41', 120.00, 200, 'cuenta', 1349, 1),
(86, '2025-04-04 16:26:41', 25.00, 200, 'cuenta', 457, 1),
(87, '2025-04-04 16:26:41', 175.49, 200, 'cuenta', 458, 1),
(88, '2025-04-04 16:26:41', 290.00, 200, 'cuenta', 459, 1),
(89, '2025-04-04 16:26:41', 470.00, 200, 'cuenta', 111, 1),
(90, '2025-04-04 16:26:41', 320.00, 200, 'cuenta', 112, 1),
(91, '2025-04-04 16:26:41', 100.00, 200, 'cuenta', 113, 1),
(92, '2025-04-04 16:26:41', 637.86, 200, 'cuenta', 115, 1),
(93, '2025-04-04 16:26:41', 186.32, 200, 'cuenta', 118, 1),
(94, '2025-04-04 16:26:41', 99.69, 200, 'cuenta', 120, 1),
(95, '2025-04-04 16:26:41', 29.00, 200, 'cuenta', 121, 1),
(96, '2025-04-04 16:26:41', 900.00, 200, 'cuenta', 1854, 1),
(97, '2025-04-04 16:26:41', 575.08, 200, 'cuenta', 128, 1),
(98, '2025-04-04 16:26:41', 645.00, 200, 'cuenta', 138, 1),
(99, '2025-04-04 16:26:41', 234.55, 200, 'cuenta', 1464, 1),
(100, '2025-04-04 16:26:41', 567.00, 200, 'cuenta', 141, 1),
(101, '2025-04-04 16:26:41', 20.60, 200, 'cuenta', 1552, 1),
(102, '2025-04-04 16:26:41', 248.00, 200, 'cuenta', 143, 1),
(103, '2025-04-04 16:26:41', 535.42, 200, 'cuenta', 1470, 1),
(104, '2025-04-04 16:26:41', 1479.00, 200, 'cuenta', 147, 1),
(105, '2025-04-04 16:26:41', 281.84, 200, 'cuenta', 149, 1),
(106, '2025-04-04 16:26:41', 90.00, 200, 'cuenta', 150, 1),
(107, '2025-04-04 16:26:41', 470.07, 200, 'cuenta', 1479, 1),
(108, '2025-04-04 16:26:41', 2263.42, 200, 'cuenta', 1565, 1),
(109, '2025-04-04 16:26:41', 10663.40, 200, 'cuenta', 1855, 1),
(110, '2025-04-04 16:26:41', 515.00, 200, 'cuenta', 1856, 1),
(111, '2025-04-04 16:26:41', 9350.00, 200, 'cuenta', 1482, 1),
(112, '2025-04-04 16:26:41', 252.79, 200, 'cuenta', 1857, 1),
(113, '2025-04-04 16:26:41', 2964.28, 200, 'cuenta', 1568, 1),
(114, '2025-04-04 16:26:41', 30.00, 200, 'cuenta', 1484, 1),
(115, '2025-04-04 16:26:41', 94.12, 200, 'cuenta', 1025, 1),
(116, '2025-04-04 16:26:41', 335.00, 200, 'cuenta', 1696, 1),
(117, '2025-04-04 16:26:41', 830.00, 200, 'cuenta', 162, 1),
(118, '2025-04-04 16:26:41', 2815.00, 200, 'cuenta', 1701, 1),
(119, '2025-04-04 16:26:41', 1600.00, 200, 'cuenta', 1702, 1),
(120, '2025-04-04 16:26:41', 48.00, 200, 'cuenta', 1574, 1),
(121, '2025-04-04 16:26:41', 90.00, 200, 'cuenta', 1575, 1),
(122, '2025-04-04 16:26:41', 234.00, 200, 'cuenta', 168, 1),
(123, '2025-04-04 16:26:41', 35.00, 200, 'cuenta', 1579, 1),
(124, '2025-04-04 16:26:41', 34.06, 200, 'cuenta', 1580, 1),
(125, '2025-04-04 16:26:41', 854.48, 200, 'cuenta', 179, 1),
(126, '2025-04-04 16:26:41', 66.00, 200, 'cuenta', 180, 1),
(127, '2025-04-04 16:26:41', 2334.00, 200, 'cuenta', 187, 1),
(128, '2025-04-04 16:26:41', 2650.00, 200, 'cuenta', 14, 1),
(129, '2025-04-04 16:01:48', 461.00, 200, 'cuenta', 354, 1),
(130, '2025-04-04 16:35:39', 753.00, 200, 'cuenta', 1835, 1),
(131, '2025-04-05 14:17:39', 185.16, 200, 'cuenta', 115, 8),
(132, '2025-04-05 14:23:07', 371.00, 200, 'cuenta', 115, 8),
(133, '2025-04-05 14:25:18', 86.00, 200, 'cuenta', 115, 8),
(134, '2025-04-06 10:25:08', 267.00, 200, 'cuenta', 355, 8),
(135, '2025-04-10 12:16:16', 965.00, 200, 'cuenta', 1835, 1),
(137, '2025-04-11 10:12:40', 572.00, 15, 'cuenta', 1640, 1),
(138, '2025-04-11 10:16:49', 1940.00, 200, 'cuenta', 84, 1),
(139, '2025-04-11 11:27:44', 235.48, 200, 'cuenta', 560, 1),
(140, '2025-04-11 11:43:13', 599.00, 200, 'cuenta', 352, 1),
(141, '2025-04-11 13:05:54', 60.00, 200, 'cuenta', 1479, 1),
(142, '2025-04-11 15:34:33', 68.00, 200, 'cuenta', 354, 1),
(143, '2025-04-11 17:50:17', 2354.00, 200, 'cuenta', 1835, 1),
(144, '2025-04-12 07:18:44', 3440.00, 200, 'cuenta', 128, 1),
(145, '2025-04-12 12:29:48', 345.00, 200, 'cuenta', 355, 1),
(146, '2025-04-12 12:32:42', 187.00, 200, 'cuenta', 1845, 1),
(147, '2025-04-12 13:05:12', 1011.00, 200, 'cuenta', 1854, 1),
(148, '2025-04-12 14:58:14', 310.00, 200, 'cuenta', 1640, 1),
(149, '2025-04-12 15:20:26', 1157.72, 200, 'cuenta', 1656, 1),
(150, '2025-04-12 16:07:32', 1322.72, 200, 'cuenta', 1656, 1),
(151, '2025-04-12 16:22:18', 95.00, 200, 'cuenta', 1656, 1),
(152, '2025-04-12 17:18:36', 981.00, 200, 'cuenta', 1854, 1),
(153, '2025-04-12 17:23:38', 160.00, 200, 'cuenta', 128, 1),
(154, '2025-04-13 09:48:25', 225.00, 200, 'cuenta', 851, 1),
(155, '2025-04-13 10:25:14', 760.00, 200, 'cuenta', 1482, 1),
(156, '2025-04-13 18:10:26', 480.00, 15, 'cuenta', 1702, 8),
(157, '2025-04-14 11:57:45', 154.00, 10, 'cuenta', 149, 1),
(158, '2025-04-14 13:13:25', 172.00, 15, 'cuenta', 115, 1),
(159, '2025-04-14 16:56:15', 511.40, 15, 'cuenta', 1640, 1),
(160, '2025-04-14 17:21:24', 197.84, 15, 'cuenta', 1565, 1),
(161, '2025-04-14 17:51:38', 1466.94, 15, 'cuenta', 1348, 1),
(162, '2025-04-14 18:12:40', 1965.56, 15, 'cuenta', 1013, 1),
(163, '2025-04-14 18:33:08', 160.00, 10, 'cuenta', 355, 1),
(164, '2025-04-15 07:33:56', 76.00, 15, 'cuenta', 1579, 1),
(165, '2025-04-15 10:34:04', 160.00, 10, 'cuenta', 557, 1),
(166, '2025-04-15 12:56:10', 1600.00, 15, 'cuenta', 1482, 1),
(167, '2025-04-15 13:02:27', 20.00, 10, 'cuenta', 557, 1),
(168, '2025-04-15 14:34:04', 100.00, 15, 'cuenta', 355, 1),
(169, '2025-04-15 15:22:29', 370.00, 15, 'cuenta', 1702, 1),
(170, '2025-04-15 15:31:05', 380.00, 15, 'cuenta', 1702, 1),
(171, '2025-04-15 16:11:06', 819.32, 15, 'cuenta', 1849, 1),
(172, '2025-04-15 16:17:49', 800.00, 15, 'cuenta', 187, 1),
(175, '2025-04-15 16:45:37', 160.00, 15, 'cuenta', 120, 1),
(176, '2025-04-15 17:00:23', 319.00, 15, 'cuenta', 1327, 1),
(177, '2025-04-15 18:41:15', 270.00, 15, 'cuenta', 1640, 1),
(178, '2025-04-16 10:00:53', 100.00, 15, 'cuenta', 1843, 1),
(179, '2025-04-16 11:20:07', 320.00, 10, 'cuenta', 1702, 1),
(180, '2025-04-16 12:15:18', 160.00, 10, 'cuenta', 98, 1),
(181, '2025-04-16 13:24:43', 720.00, 15, 'cuenta', 352, 1),
(182, '2025-04-16 14:45:53', 160.00, 15, 'cuenta', 355, 1),
(183, '2025-04-16 15:03:47', 21.00, 15, 'cuenta', 1876, 1),
(184, '2025-04-16 19:20:54', 148.48, 7, 'cuenta', 1853, 1),
(258, '2025-04-17 02:04:01', 0.00, 7, 'cuenta', 1833, 1),
(259, '2025-04-17 11:37:08', 313.28, 10, 'cuenta', 1534, 1),
(260, '2025-04-17 12:44:13', 160.00, 10, 'cuenta', 1579, 1),
(262, '2025-04-17 13:24:32', 569.00, 15, 'cuenta', 1640, 1),
(263, '2025-04-17 14:03:07', 23.00, 7, 'cuenta', 1878, 1),
(265, '0000-00-00 00:00:00', 257.00, 15, 'cuenta', 1880, 1),
(266, '2025-04-17 16:23:25', 73.00, 10, 'cuenta', 1880, 1),
(268, '2025-04-17 16:38:03', 95.00, 10, 'cuenta', 162, 1),
(269, '2025-04-17 17:00:53', 0.00, 7, 'cuenta', 1833, 1),
(271, '2025-04-18 10:14:02', 270.00, 10, 'cuenta', 63, 8),
(274, '2025-04-18 11:40:54', 954.60, 15, 'cuenta', 1640, 1),
(275, '2025-04-18 11:47:55', 85.00, 15, 'cuenta', 1640, 1),
(279, '2025-04-18 12:07:20', 85.00, 15, 'cuenta', 355, 1),
(280, '2025-04-18 12:27:44', 55.00, 10, 'cuenta', 1479, 1),
(291, '2025-04-19 11:21:36', 163.00, 7, 'cuenta', 149, 1),
(295, '2025-04-19 12:29:30', 12.00, 7, 'cuenta', 1878, 1),
(298, '2025-04-19 13:01:06', 190.00, 15, 'cuenta', 162, 1),
(307, '2025-04-19 17:32:11', 383.00, 10, 'cuenta', 1844, 1),
(308, '2025-04-19 18:22:27', 334.00, 10, 'cuenta', 1640, 1),
(312, '2025-04-20 11:22:19', 95.00, 10, 'cuenta', 355, 1),
(318, '2025-04-20 17:18:32', 16.00, 7, 'cuenta', 1878, 1),
(319, '2025-04-20 17:41:36', 16.00, 7, 'cuenta', 1878, 1),
(320, '2025-04-21 08:08:59', 376.00, 10, 'cuenta', 143, 1),
(321, '2025-04-21 12:38:04', 214.00, 15, 'cuenta', 354, 1),
(326, '2025-04-21 14:22:58', 795.00, 15, 'cuenta', 1642, 1),
(328, '2025-04-16 11:06:47', 380.00, 15, 'cuenta', 1738, 1),
(331, '2025-04-21 16:23:33', 1940.00, 15, 'cuenta', 84, 8),
(332, '2025-04-21 16:50:54', 100.00, 15, 'cuenta', 78, 8),
(333, '2025-04-21 16:56:57', 100.00, 15, 'cuenta', 103, 8),
(337, '2025-04-22 09:09:08', 416.24, 10, 'cuenta', 115, 8),
(339, '2025-04-22 09:29:37', 493.00, 15, 'cuenta', 138, 8),
(340, '2025-04-22 09:40:17', 214.00, 10, 'cuenta', 1010, 8),
(341, '2025-04-22 09:56:40', 629.00, 10, 'cuenta', 557, 8),
(342, '2025-04-22 11:17:54', 200.00, 10, 'cuenta', 557, 1),
(343, '2025-04-22 11:29:35', 326.64, 15, 'cuenta', 1565, 11),
(344, '2025-04-22 11:38:14', 123.00, 15, 'cuenta', 1349, 8),
(346, '2025-04-22 11:48:42', 61.20, 15, 'cuenta', 1880, 8),
(348, '2025-04-22 12:35:00', 234.00, 10, 'cuenta', 1835, 8),
(350, '2025-04-22 13:37:09', 220.00, 15, 'cuenta', 1702, 8),
(353, '2025-04-22 16:02:32', 1162.00, 15, 'cuenta', 191, 8),
(354, '2025-04-22 16:24:29', 136.60, 10, 'cuenta', 118, 8),
(358, '2025-04-23 08:29:04', 125.00, 7, 'cuenta', 120, 8),
(359, '2025-04-23 08:36:01', 574.00, 10, 'cuenta', 1849, 8),
(360, '2025-04-23 08:41:19', 468.00, 10, 'cuenta', 1010, 8),
(361, '2025-04-23 08:50:23', 75.00, 10, 'cuenta', 1641, 8),
(362, '2025-04-23 08:54:39', 640.00, 15, 'cuenta', 352, 8),
(366, '2025-04-23 11:44:00', 100.00, 15, 'cuenta', 162, 8),
(370, '2025-04-23 14:44:27', 815.84, 15, 'cuenta', 1640, 1),
(379, '2025-04-24 08:12:46', 1400.00, 15, 'cuenta', 1482, 8),
(381, '2025-04-24 09:18:05', 357.50, 7, 'cuenta', 1858, 8),
(385, '2025-04-24 10:29:30', 75.00, 10, 'cuenta', 557, 8),
(386, '2025-04-24 11:22:01', 1940.00, 15, 'cuenta', 84, 8),
(389, '2025-04-24 13:24:26', 21.00, 7, 'cuenta', 1902, 8),
(390, '2025-04-24 13:31:27', 1260.00, 15, 'cuenta', 147, 8),
(391, '2025-04-24 13:39:15', 38.72, 15, 'cuenta', 560, 8),
(400, '2025-04-24 17:08:24', 28.72, 7, 'cuenta', 1878, 8),
(402, '2025-04-24 18:10:04', 7.40, 7, 'cuenta', 1878, 8),
(403, '2025-04-25 09:49:33', 1261.00, 15, 'cuenta', 1579, 8),
(404, '2025-04-25 09:51:22', 480.00, 15, 'cuenta', 159, 8),
(405, '2025-04-25 09:56:48', 100.00, 15, 'cuenta', 1013, 8),
(407, '2025-04-25 10:01:40', 243.00, 10, 'cuenta', 1855, 8),
(409, '2025-04-25 12:06:38', 75.00, 15, 'cuenta', 1851, 8),
(411, '2025-04-25 12:58:34', 85.00, 15, 'cuenta', 355, 8),
(412, '2025-04-25 14:17:29', 68.00, 7, 'cuenta', 354, 8),
(414, '2025-04-25 14:37:20', 130.00, 10, 'cuenta', 1580, 8),
(418, '2025-04-25 16:41:44', 800.56, 15, 'cuenta', 369, 8),
(419, '2025-04-25 16:57:29', 390.00, 15, 'cuenta', 1640, 8),
(420, '2025-04-25 17:04:03', 1500.00, 10, 'cuenta', 1835, 8),
(423, '2025-04-25 19:40:58', 165.00, 10, 'cuenta', 368, 8),
(426, '2025-04-26 12:00:21', 255.00, 15, 'cuenta', 1565, 8),
(430, '2025-04-26 13:13:11', 60.40, 10, 'cuenta', 1880, 8),
(433, '2025-04-26 14:16:23', 164.00, 10, 'cuenta', 78, 8),
(438, '2025-04-26 16:22:14', 360.00, 10, 'cuenta', 63, 8),
(439, '2025-04-26 17:24:52', 37.60, 7, 'cuenta', 112, 8),
(444, '2025-04-27 11:44:23', 160.00, 10, 'cuenta', 118, 8),
(446, '2025-04-27 11:52:21', 75.00, 10, 'cuenta', 179, 8),
(450, '2025-04-27 12:49:16', 459.88, 15, 'cuenta', 1640, 8),
(452, '2025-04-27 14:44:10', 682.60, 15, 'cuenta', 1845, 8),
(458, '2025-04-28 09:59:41', 379.60, 10, 'cuenta', 1858, 8),
(462, '2025-04-28 12:34:50', 607.00, 10, 'cuenta', 382, 8),
(467, '2025-04-29 08:18:37', 1144.00, 15, 'cuenta', 128, 8),
(468, '2025-04-29 08:43:53', 265.00, 10, 'cuenta', 557, 8),
(469, '2025-04-29 09:23:20', 180.00, 15, 'cuenta', 1482, 8),
(471, '2025-04-29 09:34:03', 1116.00, 15, 'cuenta', 111, 8),
(473, '2025-04-29 09:50:10', 160.00, 7, 'cuenta', 1870, 8),
(474, '2025-04-29 10:10:02', 1600.00, 15, 'cuenta', 1482, 8);

--
-- Disparadores `cuentas_apartados`
--
DELIMITER $$
CREATE TRIGGER `before_insert_cuentas_apartados` BEFORE INSERT ON `cuentas_apartados` FOR EACH ROW BEGIN
    -- Inserta un registro en transacciones con el tipo 'cuenta_apartado'
    INSERT INTO transacciones (tipo) VALUES ('cuenta_apartado');
    -- Asigna el ID generado al registro que se inserta en cuentas_apartados
    SET NEW.id = LAST_INSERT_ID();
END
$$
DELIMITER ;

-- --------------------------------------------------------

--
-- Estructura de tabla para la tabla `deliveries`
--

CREATE TABLE `deliveries` (
  `id` bigint UNSIGNED NOT NULL,
  `costo` decimal(9,2) NOT NULL,
  `destino` varchar(255) COLLATE utf8mb4_general_ci NOT NULL,
  `gratis` tinyint(1) NOT NULL,
  `idChofer` bigint NOT NULL,
  `idVenta` bigint DEFAULT NULL,
  `idCuenta` bigint DEFAULT NULL
) ENGINE=InnoDB DEFAULT CHARSET=utf8mb4 COLLATE=utf8mb4_general_ci;

--
-- Volcado de datos para la tabla `deliveries`
--

INSERT INTO `deliveries` (`id`, `costo`, `destino`, `gratis`, `idChofer`, `idVenta`, `idCuenta`) VALUES
(10, 0.00, 'Av transversal 10,con Av los chorros,caracas', 0, 3, 29, NULL),
(11, 2.00, 'Ministerio de educación ', 0, 9, 34, NULL),
(12, 10.00, 'Guarenas ', 1, 8, NULL, 17),
(13, 2.00, 'Candelaria ', 0, 8, 41, NULL),
(14, 2.00, 'City market ', 0, 8, 45, NULL),
(15, 4.00, 'El valle', 0, 2, 47, NULL),
(16, 3.00, 'San Martín ', 1, 8, NULL, 20),
(17, 2.00, 'Ministerio de educación ', 0, 8, 49, NULL),
(18, 0.00, 'Caracas', 1, 2, NULL, 22),
(19, 3.00, 'Chacao ', 0, 2, 50, NULL),
(20, 4.00, 'Los palos grandes ', 0, 2, 57, NULL),
(21, 2.00, 'El paraíso ', 1, 8, NULL, 142),
(22, 2.00, 'Sábana grande', 0, 2, 71, NULL),
(23, 7.00, 'LA GUIARÁ ', 0, 2, 78, NULL),
(24, 7.00, 'Guaira', 0, 2, 79, NULL),
(25, 7.00, 'Guaira ', 0, 2, 80, NULL),
(26, 3.00, 'San Martín ', 0, 2, 86, NULL),
(27, 4.00, 'Vista alegre', 0, 8, NULL, 176),
(28, 3.00, 'Los palos grandes', 0, 8, NULL, 259),
(29, 3.00, 'Chapellin', 1, 9, NULL, 262),
(30, 1.00, 'Bellas artes', 0, 3, 264, NULL),
(31, 1.00, 'California', 0, 9, 270, NULL),
(32, 0.00, 'Calle el lago', 0, 9, 287, NULL),
(33, 0.00, 'Calle el lago ', 1, 9, 288, NULL),
(34, 3.00, 'Los Palos Grandes ', 0, 8, 289, NULL),
(35, 2.00, 'Ministerio educación ', 0, 9, 290, NULL),
(37, 0.00, 'Petare ', 1, 9, 303, NULL),
(39, 2.00, 'Las acacias ', 1, 8, 315, NULL),
(40, 2.00, 'Ministerio de educacion', 0, 2, 322, NULL),
(45, 3.00, 'EL BOSQUE', 1, 8, 330, NULL),
(46, 3.00, 'EL PARAISO, CALLE SEGUNDA TRANSVERSAL , LOCAL MI PUNTO', 1, 8, 321, NULL),
(47, 3.00, 'Marques ', 1, 3, NULL, 332),
(48, 4.00, 'Los palos grandes ', 1, 3, NULL, 333),
(49, 3.00, 'CHACAO', 1, 2, 335, NULL),
(50, 4.00, 'EL VALLE', 0, 8, 336, NULL),
(52, 7.00, 'Guaira ', 1, 2, NULL, 339),
(53, 7.00, 'LAGUAIRA', 1, 2, NULL, 340),
(54, 3.00, 'LOS PALOS GRANDE', 1, 9, NULL, 341),
(55, 3.00, 'DR LOS 7TA TRANSVERSAL LOS PALOS GRANDES CCS', 1, 8, NULL, 342),
(56, 3.00, 'catia', 0, 8, NULL, 344),
(57, 3.00, 'Av. Casanova, sábana grande, Caracas ', 1, 2, NULL, 348),
(58, 0.00, 'SANTA MONICA. CARACAS', 1, 9, NULL, 350),
(59, 5.00, 'AV. 4TA TRANSVERSAL. QUINTA ELOISA. URB. LOS PALOS GRANDES. CHACAO-CARACAS', 1, 8, NULL, 353),
(60, 3.00, 'Chacao', 1, 2, 355, NULL),
(61, 7.00, 'SAN ANTONIO', 1, 9, NULL, 358),
(62, 7.00, 'SAN ANTONIO', 1, 2, NULL, 359),
(63, 7.00, 'LA GUAIRA', 0, 2, NULL, 360),
(65, 7.00, 'LA GUAIRA', 1, 2, 360, NULL),
(66, 7.00, 'CARRETERA PANAMERICANA KILOMETRO 12, LOCAL 4, SECTOR LAS MINAS DE SAN ANTHONY', 1, 9, NULL, 361),
(67, 7.00, 'GUATIRE DETRAS DEL CC BUENAVENTURA RES. FRUTAS CONDOMINIUMS LOCAL', 1, 9, NULL, 362),
(69, 2.00, 'ESQUINA SALAS EDIFICIO SALAS, AL FRENTE DEL MINISTERIO DE EDUCACION. CARACAS', 0, 8, 363, NULL),
(70, 4.00, 'PRIMERA CALLE DE BELLO MONTE CON APAMATES EDF', 1, 2, 368, NULL),
(71, 2.00, 'AV. PRINCIAL DEL BOSQUE, CALLE EL EMPALME .URB EL BOSQUE CHACAO', 1, 8, 369, NULL),
(72, 4.00, 'Chapellin', 0, 2, NULL, 370),
(75, 4.00, 'Chapellin', 1, 2, 370, NULL),
(76, 4.00, 'Anzoátegui ', 1, 2, 374, NULL),
(77, 4.00, 'Plaza Bolívar el Hatillo', 1, 2, 375, NULL),
(78, 3.00, 'AV. SAN MARTÍN, CARACAS', 1, 8, NULL, 379),
(79, 3.00, 'AV . TEHERAN, UNIVERSIDAD CATOLICA ANDRES BELLO, EDF. LA CASA DEL ESTUDIANTE PISO PB , LOCAL PB,', 1, 2, NULL, 381),
(80, 3.00, 'CHARALLAVE', 1, 3, 382, NULL),
(81, 2.00, 'ESQUINA SALAS EDIFICIO SALAS, AL FRENTE DEL MINISTERIO DE EDUCACION. CARACAS', 0, 8, 383, NULL),
(82, 3.00, 'DR LOS 7TA TRANSVERSAL LOS PALOS GRANDES CCS', 1, 8, 385, NULL),
(83, 4.00, 'URB. LOS RUICES. CARACAS', 1, 2, NULL, 386),
(84, 2.00, 'METRO CENTER', 1, 3, 387, NULL),
(85, 2.00, 'La candelaria ', 0, 8, 388, NULL),
(86, 2.00, 'SABANA GRANDE, CARACAS', 1, 2, NULL, 391),
(88, 7.00, 'SAN ANTONIO', 1, 9, 358, NULL),
(89, 4.00, 'CALLE LAS VEGAS EDIF DELCOP PISO PB OF PB URB LA TRINIDAD CARACAS. MIRANDA', 1, 2, 395, NULL),
(90, 4.00, 'Los palos grandes ', 1, 8, 399, NULL),
(91, 0.00, 'GUARENAS', 1, 9, NULL, 403),
(92, 2.00, 'ESQUINA SALAS EDIFICIO SALAS, AL FRENTE DEL MINISTERIO DE EDUCACION. CARACAS', 0, 8, 406, NULL),
(93, 3.00, 'PRADOS DEL ESTE CALLE SAN ANDRES AV.RIO DE ORO', 0, 2, NULL, 407),
(94, 3.00, 'CUMANA', 1, 2, 408, NULL),
(95, 4.00, 'URB . EL PARAISO AV LOYOLA , HOTEL NOVU, PLANTA BAJA', 1, 2, NULL, 409),
(96, 7.00, 'CARRETERA PANAMERICANA KILOMETRO 12, LOCAL 4, SECTOR LAS MINAS DE SAN ANTHONY', 1, 9, 361, NULL),
(97, 3.00, 'AV. SUR EDIF 247 LOCAL PB. EL SILENCIO. CARACAS', 1, 8, NULL, 411),
(98, 3.00, 'EL PARAISO, CALLE SEGUNDA TRANSVERSAL , LOCAL MI PUNTO', 1, 2, NULL, 412),
(99, 1.00, 'CENTRO PARQUE CARACAS, LA CANDELARIA', 0, 2, 413, NULL),
(100, 2.00, 'AV. ANAUCO CC PORTICO LOCAL #19', 0, 8, NULL, 414),
(101, 3.00, 'METRO CENTER', 0, 8, 415, NULL),
(0, 4.00, 'Av. Casanova, sábana grande, Caracas ', 1, 8, NULL, 420),
(0, 1.00, 'CENTRO PARQUE CARACAS, LA CANDELARIA', 0, 8, 422, NULL),
(0, 3.00, 'CHACAO, CARACAS', 0, 8, 427, NULL),
(0, 4.00, 'LA CALIFORNIA NORTE CALLE 8 CARACAS', 1, 2, 431, NULL),
(0, 2.00, 'ESQUINA SALAS EDIFICIO SALAS, AL FRENTE DEL MINISTERIO DE EDUCACION. CARACAS', 0, 8, 432, NULL),
(0, 4.00, 'LA CALIFORNIA NORTE CALLE 8 CARACAS', 0, 2, NULL, 433),
(0, 3.00, 'San Martin', 0, 2, 434, NULL),
(0, 5.00, 'MACARACUAY', 1, 2, NULL, 438),
(0, 2.00, 'ESQUINA SALAS EDIFICIO SALAS, AL FRENTE DEL MINISTERIO DE EDUCACION. CARACAS', 0, 8, 441, NULL),
(0, 10.00, 'LOS TEQUES CARRIZAL', 1, 2, NULL, 444),
(0, 3.00, 'CARACAS', 1, 8, NULL, 446),
(0, 4.00, 'CALLE LAS VEGAS EDIF DELCOP PISO PB OF PB URB LA TRINIDAD CARACAS. MIRANDA', 1, 2, 448, NULL),
(0, 3.00, 'Chapellin', 1, 8, NULL, 450),
(0, 5.00, 'AV . TEHERAN, UNIVERSIDAD CATOLICA ANDRES BELLO, EDF. LA CASA DEL ESTUDIANTE PISO PB , LOCAL PB,', 1, 2, NULL, 458),
(0, 3.00, 'AV. LECUNA ENTRE LAS ESQUINAS DE MIRANDA A PUERTO ESCONDIDO , PISO BP LOCAL NRO 08-02, SECTOR EL SILENCIO', 1, 8, 461, NULL),
(0, 5.00, 'PARROQUIA ANTIMANO, CALLE REAL CARAPITA', 1, 2, NULL, 462),
(0, 2.00, 'LA VICTORIA, ARAGUA', 1, 8, 463, NULL),
(0, 1.00, 'bellas artes', 0, 2, 465, NULL),
(0, 4.00, 'STA IRENI, DIAGONAL AL HOTEL HOLIDAY. AL LADO DE AUTOELECTRO. PUNTO FIJO', 0, 2, NULL, 467),
(0, 4.00, 'STA IRENI, DIAGONAL AL HOTEL HOLIDAY. AL LADO DE AUTOELECTRO. PUNTO FIJO', 0, 9, NULL, 467),
(0, 4.00, 'STA IRENI, DIAGONAL AL HOTEL HOLIDAY. AL LADO DE AUTOELECTRO. PUNTO FIJO', 1, 2, 467, NULL),
(0, 4.00, 'STA IRENI, DIAGONAL AL HOTEL HOLIDAY. AL LADO DE AUTOELECTRO. PUNTO FIJO', 1, 9, 467, NULL),
(0, 4.00, 'DR LOS 7TA TRANSVERSAL LOS PALOS GRANDES CCS', 1, 2, NULL, 468),
(0, 4.00, 'AV. SAN MARTÍN, CARACAS', 1, 8, NULL, 469),
(0, 2.00, 'ESQUINA SALAS EDIFICIO SALAS, AL FRENTE DEL MINISTERIO DE EDUCACION. CARACAS', 0, 8, 470, NULL),
(0, 4.00, 'Av. Bolivar de Chacao.Frente a la Plaza Bolivar.Quinta Villa Luisa,portón negro. Bajando por la cuadra de la iglesia', 1, 9, NULL, 471),
(0, 5.00, 'AV. SAN MARTÍN, CARACAS', 1, 2, NULL, 474),
(0, 5.00, 'AV. SAN MARTÍN, CARACAS', 1, 8, NULL, 474);

-- --------------------------------------------------------

--
-- Estructura de tabla para la tabla `entradas`
--

CREATE TABLE `entradas` (
  `id` bigint UNSIGNED NOT NULL,
  `fecha` datetime NOT NULL,
  `monto` decimal(9,2) NOT NULL,
  `cantidad` decimal(5,2) NOT NULL,
  `idProducto` bigint NOT NULL,
  `idUsuario` bigint NOT NULL
) ENGINE=InnoDB DEFAULT CHARSET=utf8mb4 COLLATE=utf8mb4_general_ci;

--
-- Volcado de datos para la tabla `entradas`
--

INSERT INTO `entradas` (`id`, `fecha`, `monto`, `cantidad`, `idProducto`, `idUsuario`) VALUES
(10, '2025-03-31 14:58:57', 435.00, 87.00, 1, 1),
(11, '2025-04-02 15:40:05', 1148.00, 41.00, 1, 1),
(12, '2025-04-02 15:41:55', 210.00, 2.00, 3, 1),
(13, '2025-04-02 15:42:46', 80.00, 16.00, 4, 1),
(14, '2025-04-02 15:43:01', 248.00, 2.00, 5, 1),
(15, '2025-04-02 15:56:40', 160.00, 80.00, 80, 1),
(16, '2025-04-02 16:17:20', 172.80, 128.00, 82, 1),
(17, '2025-04-02 16:57:04', 40.00, 8.00, 6, 1),
(18, '2025-04-02 16:57:30', 209.00, 11.00, 7, 1),
(19, '2025-04-02 16:57:52', 3816.00, 53.00, 8, 1),
(20, '2025-04-02 16:58:08', 357.00, 21.00, 9, 1),
(21, '2025-04-02 17:00:05', 18.00, 6.00, 10, 1),
(22, '2025-04-02 17:45:05', 78.00, 26.00, 20, 1),
(23, '2025-04-02 17:45:42', 1274.00, 14.00, 19, 1),
(24, '2025-04-02 18:20:52', 2109.00, 37.00, 41, 1),
(25, '2025-04-03 06:44:08', 779.00, 41.00, 2, 1),
(26, '2025-04-03 07:15:58', 225.00, 25.00, 83, 1),
(27, '2025-04-03 07:16:41', 76.00, 4.00, 11, 1),
(28, '2025-04-03 07:21:35', 17.00, 17.00, 12, 1),
(29, '2025-04-03 07:21:48', 590.00, 590.00, 12, 1),
(30, '2025-04-03 07:22:26', 590.00, 590.00, 12, 1),
(31, '2025-04-03 07:33:07', 90.00, 10.00, 25, 1),
(32, '2025-04-03 07:42:20', 345.00, 3.00, 29, 1),
(33, '2025-04-03 07:42:43', 1170.00, 45.00, 28, 1),
(34, '2025-04-03 07:43:17', 834.00, 278.00, 27, 1),
(35, '2025-04-03 07:43:52', 357.00, 17.00, 26, 1),
(36, '2025-04-03 07:46:23', 4128.00, 43.00, 30, 1),
(37, '2025-04-03 07:47:08', 65.00, 13.00, 31, 1),
(38, '2025-04-03 07:47:32', 2093.00, 91.00, 32, 1),
(39, '2025-04-03 07:54:57', 1898.00, 146.00, 35, 1),
(40, '2025-04-03 07:56:31', 42.00, 6.00, 36, 1),
(41, '2025-04-03 08:02:21', 7626.00, 82.00, 37, 1),
(42, '2025-04-03 08:04:58', 99.00, 9.00, 38, 1),
(43, '2025-04-03 08:15:34', 112.00, 4.00, 52, 1),
(44, '2025-04-03 08:50:37', 112.00, 4.00, 84, 1),
(45, '2025-04-03 09:00:39', 390.00, 30.00, 74, 1),
(46, '2025-04-03 09:11:49', 130.00, 10.00, 74, 1),
(47, '2025-04-03 09:41:30', 1980.00, 22.00, 19, 1),
(48, '2025-04-03 09:52:06', 2640.00, 33.00, 85, 1),
(49, '2025-04-03 10:22:57', 160.00, 10.00, 15, 1),
(50, '2025-04-03 10:34:29', 2014.00, 53.00, 86, 8),
(51, '2025-04-03 10:44:44', 1260.00, 126.00, 87, 8),
(52, '2025-04-03 10:50:28', 704.00, 176.00, 21, 8),
(53, '2025-04-03 10:54:35', 9520.00, 136.00, 88, 8),
(54, '2025-04-03 11:01:10', 60.00, 20.00, 89, 8),
(55, '2025-04-03 12:03:11', 637.00, 7.00, 14, 1),
(56, '2025-04-03 12:10:38', 123.13, 17.59, 16, 1),
(57, '2025-04-03 12:13:57', 134.52, 3.54, 18, 1),
(58, '2025-04-03 12:14:16', 24.00, 8.00, 20, 1),
(59, '2025-04-03 12:57:30', 183.54, 8.74, 24, 1),
(60, '2025-04-03 13:51:18', 3900.00, 300.00, 15, 1),
(61, '2025-04-04 09:48:47', 50.00, 10.00, 90, 1),
(62, '2025-04-04 15:09:06', 19.95, 1.05, 13, 8),
(63, '2025-04-10 16:55:53', 210.00, 2.00, 3, 1),
(64, '2025-04-10 17:05:16', 2448.00, 34.00, 8, 1),
(65, '2025-04-10 17:06:23', 45.75, 15.25, 10, 1),
(66, '2025-04-10 17:07:58', 76.00, 4.00, 11, 1),
(67, '2025-04-10 17:09:00', 71.63, 3.77, 13, 1),
(68, '2025-04-10 17:09:18', 380.00, 20.00, 13, 1),
(69, '2025-04-10 17:09:42', 71.63, 3.77, 13, 1),
(70, '2025-04-10 17:13:49', 3900.00, 300.00, 15, 1),
(71, '2025-04-10 17:15:07', 150.00, 50.00, 20, 1),
(72, '2025-04-10 17:15:46', 57.00, 19.00, 20, 1),
(73, '2025-04-10 17:16:53', 560.00, 140.00, 21, 1),
(74, '2025-04-10 17:17:27', 540.00, 135.00, 22, 1),
(75, '2025-04-10 17:20:05', 522.88, 13.76, 23, 1),
(76, '2025-04-10 17:21:23', 49.56, 2.36, 24, 1),
(77, '2025-04-10 17:21:43', 42.00, 2.00, 26, 1),
(78, '2025-04-10 17:23:36', 3072.00, 32.00, 30, 1),
(79, '2025-04-10 17:24:19', 195.00, 39.00, 31, 1),
(80, '2025-04-10 17:25:05', 3472.00, 14.00, 33, 1),
(81, '2025-04-10 17:25:20', 688.18, 36.22, 34, 1),
(82, '2025-04-10 17:25:50', 924.00, 132.00, 36, 1),
(83, '2025-04-10 17:26:47', 8556.00, 92.00, 37, 1),
(84, '2025-04-10 17:28:04', 1924.00, 37.00, 39, 1),
(85, '2025-04-10 17:28:43', 65.10, 9.30, 40, 1),
(86, '2025-04-10 17:29:02', 1083.00, 19.00, 41, 1),
(87, '2025-04-10 17:30:02', 792.00, 11.00, 43, 1),
(88, '2025-04-10 17:32:26', 835.50, 33.42, 45, 1),
(89, '2025-04-10 17:32:45', 277.02, 10.26, 46, 1),
(90, '2025-04-10 17:33:18', 79.56, 3.06, 47, 1),
(91, '2025-04-10 17:33:54', 1458.00, 18.00, 48, 1),
(92, '2025-04-10 17:34:11', 1439.44, 37.88, 49, 1),
(93, '2025-04-10 17:34:29', 3417.00, 17.00, 50, 1),
(94, '2025-04-10 17:34:50', 387.00, 3.00, 51, 1),
(95, '2025-04-10 17:35:43', 406.00, 29.00, 53, 1),
(96, '2025-04-10 17:35:52', 684.00, 36.00, 54, 1),
(97, '2025-04-10 17:36:11', 152.00, 8.00, 55, 1),
(98, '2025-04-10 17:36:23', 27.00, 3.00, 56, 1),
(99, '2025-04-10 17:36:31', 160.00, 10.00, 57, 1),
(100, '2025-04-10 17:36:41', 1920.00, 120.00, 58, 1),
(101, '2025-04-10 17:37:10', 144.00, 9.00, 59, 1),
(102, '2025-04-10 17:37:54', 912.00, 12.00, 63, 1),
(103, '2025-04-10 17:38:21', 260.00, 130.00, 64, 1),
(104, '2025-04-10 17:38:40', 132.00, 11.00, 65, 1),
(105, '2025-04-10 17:38:51', 236.00, 59.00, 66, 1),
(106, '2025-04-10 17:39:01', 874.00, 19.00, 67, 1),
(107, '2025-04-10 17:39:12', 736.00, 16.00, 68, 1),
(108, '2025-04-10 17:39:23', 46.00, 1.00, 69, 1),
(109, '2025-04-10 17:39:52', 1582.00, 113.00, 70, 1),
(110, '2025-04-10 17:40:18', 3376.00, 422.00, 71, 1),
(111, '2025-04-10 17:40:34', 128.00, 16.00, 71, 1),
(112, '2025-04-10 17:40:50', 304.00, 16.00, 72, 1),
(113, '2025-04-10 17:40:57', 260.00, 20.00, 73, 1),
(114, '2025-04-10 17:41:12', 65.00, 5.00, 73, 1),
(115, '2025-04-10 17:41:26', 2340.00, 180.00, 73, 1),
(116, '2025-04-10 17:42:26', 66.00, 6.00, 79, 1),
(117, '2025-04-11 11:36:08', 200.00, 4.00, 91, 1),
(118, '2025-04-15 12:18:57', 25.00, 50.00, 92, 1),
(119, '2025-04-15 16:08:56', 120.00, 120.00, 93, 1),
(120, '2025-04-16 15:28:37', 45.00, 30.00, 94, 1),
(121, '2025-04-17 01:59:22', 40.00, 2.00, 1, 1),
(122, '2025-04-17 02:03:08', 0.00, 0.00, 95, 1),
(123, '2025-04-17 02:03:27', 0.00, 20.00, 95, 1),
(124, '2025-04-18 11:37:37', 540.00, 9.00, 96, 1),
(125, '2025-04-19 11:28:53', 400.00, 20.00, 1, 1),
(126, '2025-04-19 11:30:05', 304.00, 16.00, 2, 1),
(127, '2025-04-21 09:38:17', 135.00, 27.00, 6, 1),
(128, '2025-04-21 09:40:56', 1224.00, 17.00, 8, 1),
(129, '2025-04-21 09:44:09', 37.05, 12.35, 10, 1),
(130, '2025-04-21 09:44:32', 95.00, 5.00, 11, 1),
(131, '2025-04-21 09:45:28', 1.00, 1.00, 12, 1),
(132, '2025-04-21 09:48:48', 1300.00, 100.00, 15, 1),
(133, '2025-04-21 09:51:39', 180.00, 60.00, 20, 1),
(134, '2025-04-21 09:52:27', 42.00, 14.00, 20, 1),
(135, '2025-04-21 10:01:13', 1280.16, 60.96, 24, 1),
(136, '2025-04-21 10:07:41', 130.00, 5.00, 28, 1),
(137, '2025-04-21 10:10:06', 80.00, 16.00, 31, 1),
(138, '2025-04-21 10:11:08', 120.00, 24.00, 31, 1),
(139, '2025-04-21 10:11:49', 7200.00, 75.00, 30, 1),
(140, '2025-04-21 10:16:44', 303.62, 15.98, 34, 1),
(141, '2025-04-21 10:21:09', 1860.00, 20.00, 37, 1),
(142, '2025-04-21 10:21:47', 121.00, 11.00, 38, 1),
(143, '2025-04-21 10:24:27', 364.00, 7.00, 39, 1),
(144, '2025-04-21 10:26:10', 63.00, 9.00, 40, 1),
(145, '2025-04-21 10:26:36', 342.00, 6.00, 41, 1),
(146, '2025-04-21 10:27:34', 101.50, 14.50, 42, 1),
(147, '2025-04-21 10:27:52', 2001.00, 29.00, 43, 1),
(148, '2025-04-21 10:29:35', 162.00, 2.00, 48, 1),
(149, '2025-04-21 10:30:26', 402.00, 2.00, 50, 1),
(150, '2025-04-21 10:35:37', 227.25, 9.09, 45, 1),
(151, '2025-04-21 10:37:06', 224.00, 16.00, 53, 1),
(152, '2025-04-21 10:44:02', 378.00, 42.00, 56, 1),
(153, '2025-04-21 10:44:24', 54.00, 6.00, 56, 1),
(154, '2025-04-21 10:46:36', 256.00, 16.00, 58, 1),
(155, '2025-04-21 10:53:29', 216.00, 6.00, 61, 1),
(156, '2025-04-21 10:53:58', 434.00, 7.00, 62, 1),
(157, '2025-04-21 10:56:53', 760.00, 10.00, 63, 1),
(158, '2025-04-21 10:58:54', 172.00, 86.00, 64, 1),
(159, '2025-04-21 10:59:01', 68.00, 34.00, 64, 1),
(160, '2025-04-21 11:08:38', 2.70, 0.90, 10, 1),
(161, '2025-04-21 11:19:52', 4.00, 1.00, 66, 1),
(162, '2025-04-21 11:33:55', 4492.80, 468.00, 97, 1),
(163, '2025-04-21 11:35:07', 1008.00, 126.00, 71, 1),
(164, '2025-04-21 11:44:25', 2795.00, 215.00, 73, 1),
(165, '2025-04-21 11:44:42', 2327.00, 179.00, 74, 1),
(166, '2025-04-21 11:46:36', 380.00, 10.00, 86, 1),
(167, '2025-04-21 11:51:26', 69.00, 23.00, 75, 1),
(168, '2025-04-21 11:54:19', 36.00, 36.00, 77, 1),
(169, '2025-04-21 11:54:32', 37.00, 1.00, 78, 1),
(170, '2025-04-21 11:56:06', 6.00, 3.00, 80, 1),
(171, '2025-04-21 11:56:20', 5.40, 4.00, 82, 1),
(172, '2025-04-21 11:57:25', 2240.00, 28.00, 85, 1),
(173, '2025-04-21 11:57:33', 3040.00, 38.00, 85, 1),
(174, '2025-04-21 12:00:26', 435.00, 87.00, 90, 1),
(175, '2025-04-21 12:00:51', 0.50, 0.10, 90, 1),
(176, '2025-04-21 12:02:07', 250.00, 5.00, 91, 1),
(177, '2025-04-21 12:08:02', 33.00, 3.00, 79, 8),
(178, '2025-04-21 12:12:49', 84.00, 3.00, 84, 8),
(179, '2025-04-21 12:16:10', 42.70, 8.54, 90, 8),
(180, '2025-04-21 12:20:16', 33.00, 3.00, 79, 8),
(181, '2025-04-21 12:49:34', 240.00, 8.00, 98, 8),
(182, '2025-04-21 12:51:12', 420.00, 14.00, 99, 8),
(183, '2025-04-21 13:17:27', 37.00, 37.00, 100, 8),
(184, '2025-04-22 09:48:34', 340.00, 4.00, 76, 8),
(185, '2025-04-22 19:26:29', 2600.00, 200.00, 73, 11),
(186, '2025-04-24 10:44:48', 3900.00, 300.00, 15, 8),
(187, '2025-04-24 17:14:58', 200.00, 40.00, 31, 8),
(188, '2025-04-25 18:58:16', 124.00, 1.00, 5, 8),
(189, '2025-04-25 18:59:03', 1300.00, 25.00, 8, 8),
(190, '2025-04-25 18:59:30', 340.00, 20.00, 9, 8),
(191, '2025-04-25 19:00:01', 1600.00, 20.00, 85, 8),
(192, '2025-04-25 19:00:21', 252.00, 12.00, 26, 8),
(193, '2025-04-25 19:00:46', 1872.00, 72.00, 28, 8),
(194, '2025-04-25 19:01:09', 5016.00, 55.00, 30, 8),
(195, '2025-04-25 19:01:59', 2232.00, 24.00, 37, 8),
(196, '2025-04-25 19:02:48', 1560.00, 30.00, 39, 8),
(197, '2025-04-25 19:04:08', 70.00, 10.00, 40, 8),
(198, '2025-04-25 19:05:10', 798.00, 14.00, 41, 8),
(199, '2025-04-25 19:06:24', 810.00, 10.00, 48, 8),
(200, '2025-04-25 19:07:11', 380.00, 5.00, 63, 8),
(201, '2025-04-25 19:07:33', 190.00, 10.00, 72, 8),
(202, '2025-04-27 09:25:34', 186.00, 62.00, 20, 8),
(203, '2025-04-27 09:37:23', 435.54, 20.74, 24, 8),
(204, '2025-04-27 09:55:34', 85.00, 17.00, 31, 8),
(205, '2025-04-27 09:55:50', 30.00, 6.00, 31, 8),
(206, '2025-04-27 10:19:53', 110.00, 10.00, 38, 8),
(207, '2025-04-27 10:44:54', 76.00, 1.00, 63, 8),
(208, '2025-04-28 15:10:02', 720.00, 12.00, 96, 8),
(209, '2025-04-28 15:10:11', 60.00, 1.00, 96, 8);

-- --------------------------------------------------------

--
-- Estructura de tabla para la tabla `marcas`
--

CREATE TABLE `marcas` (
  `id` bigint UNSIGNED NOT NULL,
  `nombreMarca` varchar(50) COLLATE utf8mb4_general_ci NOT NULL
) ENGINE=InnoDB DEFAULT CHARSET=utf8mb4 COLLATE=utf8mb4_general_ci;

--
-- Volcado de datos para la tabla `marcas`
--

INSERT INTO `marcas` (`id`, `nombreMarca`) VALUES
(12, 'TEST');

-- --------------------------------------------------------

--
-- Estructura de tabla para la tabla `metodos`
--

CREATE TABLE `metodos` (
  `id` bigint UNSIGNED NOT NULL,
  `nombre` varchar(50) COLLATE utf8mb4_general_ci NOT NULL,
  `tipo` enum('Pago Móvil','Transferencia','Zelle','Binance') COLLATE utf8mb4_general_ci NOT NULL,
  `cuenta` varchar(20) COLLATE utf8mb4_general_ci DEFAULT NULL,
  `banco` varchar(20) COLLATE utf8mb4_general_ci DEFAULT NULL,
  `tipoCi` varchar(20) COLLATE utf8mb4_general_ci DEFAULT NULL,
  `ci` varchar(20) COLLATE utf8mb4_general_ci DEFAULT NULL,
  `beneficiario` varchar(50) COLLATE utf8mb4_general_ci DEFAULT NULL,
  `telefono` varchar(20) COLLATE utf8mb4_general_ci DEFAULT NULL,
  `correo` varchar(50) COLLATE utf8mb4_general_ci DEFAULT NULL
) ENGINE=InnoDB DEFAULT CHARSET=utf8mb4 COLLATE=utf8mb4_general_ci;

--
-- Volcado de datos para la tabla `metodos`
--

INSERT INTO `metodos` (`id`, `nombre`, `tipo`, `cuenta`, `banco`, `tipoCi`, `ci`, `beneficiario`, `telefono`, `correo`) VALUES
(1, 'Pago Móvil Personal', 'Pago Móvil', NULL, 'BANCARIBE', 'Venezolano', '12312312', NULL, '04151231231', NULL),
(2, 'Pago Móvil Negocio', 'Pago Móvil', NULL, 'BANESCO', 'Jurídico', '4294102491204', NULL, '04151424346', NULL),
(3, 'Transferencia Negocio', 'Transferencia', '02440294912051920342', 'BANCO MERCANTIL', 'Jurídico', '4294102491204', 'Luis Pérez', NULL, NULL),
(4, 'Zelle Personal', 'Zelle', NULL, NULL, NULL, NULL, NULL, NULL, 'correozelle@gmail.com'),
(5, 'Binance Personal', 'Binance', NULL, NULL, NULL, NULL, NULL, NULL, 'correobinance@gmail.com'),
(12, 'Crédito ', 'Pago Móvil', NULL, NULL, NULL, NULL, NULL, NULL, 'admin@admin.com');

-- --------------------------------------------------------

--
-- Estructura de tabla para la tabla `pagos_choferes`
--

CREATE TABLE `pagos_choferes` (
  `id` bigint UNSIGNED NOT NULL,
  `monto` decimal(9,2) NOT NULL,
  `idChofer` bigint NOT NULL
) ENGINE=InnoDB DEFAULT CHARSET=utf8mb4 COLLATE=utf8mb4_general_ci;

--
-- Volcado de datos para la tabla `pagos_choferes`
--

INSERT INTO `pagos_choferes` (`id`, `monto`, `idChofer`) VALUES
(10, 37.00, 2),
(11, 1.00, 3),
(12, 33.00, 8),
(13, 8.00, 9),
(14, 123.00, 2),
(15, 67.00, 8),
(16, 38.00, 9);

-- --------------------------------------------------------

--
-- Estructura de tabla para la tabla `pagos_proveedores`
--

CREATE TABLE `pagos_proveedores` (
  `id` bigint UNSIGNED NOT NULL,
  `fecha` datetime NOT NULL,
  `monto` decimal(9,2) NOT NULL,
  `idProveedor` bigint NOT NULL,
  `idUsuario` bigint NOT NULL
) ENGINE=InnoDB DEFAULT CHARSET=utf8mb4 COLLATE=utf8mb4_general_ci;

-- --------------------------------------------------------

--
-- Estructura de tabla para la tabla `productos`
--

CREATE TABLE `productos` (
  `id` bigint UNSIGNED NOT NULL,
  `codigo` varchar(50) COLLATE utf8mb4_general_ci NOT NULL,
  `nombre` varchar(255) COLLATE utf8mb4_general_ci NOT NULL,
  `unidad` varchar(10) COLLATE utf8mb4_general_ci NOT NULL,
  `precioCompra` decimal(8,2) NOT NULL,
  `precioVenta` decimal(8,2) NOT NULL,
  `precioVenta2` decimal(8,2) NOT NULL,
  `precioVenta3` decimal(8,2) NOT NULL,
  `precioVenta4` decimal(8,2) NOT NULL,
  `vendidoMayoreo` tinyint(1) DEFAULT NULL,
  `precioMayoreo` decimal(8,2) DEFAULT NULL,
  `cantidadMayoreo` decimal(8,2) DEFAULT NULL,
  `marca` bigint UNSIGNED DEFAULT NULL,
  `categoria` bigint UNSIGNED DEFAULT NULL,
  `proveedor` bigint UNSIGNED NOT NULL
) ENGINE=InnoDB DEFAULT CHARSET=utf8mb4 COLLATE=utf8mb4_general_ci;

--
-- Volcado de datos para la tabla `productos`
--

INSERT INTO `productos` (`id`, `codigo`, `nombre`, `unidad`, `precioCompra`, `precioVenta`, `precioVenta2`, `precioVenta3`, `vendidoMayoreo`, `precioMayoreo`, `cantidadMayoreo`, `marca`, `categoria`, `proveedor`) VALUES
(1, '1', 'ACEITE DE SESAMO KADOYA 1.65LT', 'unid', 20.00, 30.00, 28.00, 27.00, 0, 26.00, NULL, 0, 0, 9),
(2, '2', 'ACEITE DE SESAMO LKK 1.65LT', 'unid', 19.00, 20.00, 20.00, 19.00, 0, 18.00, NULL, 0, 0, 9),
(3, '3', 'AJINOMOTO 25 KILOS', 'unid', 105.00, 110.00, 0.00, 0.00, 0, 0.00, NULL, 0, 0, 9),
(4, '4', 'AJINOMOTO POR KG', 'kg', 5.00, 6.00, 6.00, 0.00, 0, 0.00, NULL, 0, 0, 9),
(5, '5', 'AJONJOLI 25 KILOS ', 'unid', 124.00, 130.00, 0.00, 0.00, 0, 0.00, NULL, 0, 0, 9),
(6, '6', 'AJONJOLI POR KG', 'kg', 5.00, 6.00, 9.10, 0.00, 0, 0.00, NULL, 0, 0, 9),
(7, '7', ' ANGUILA ROSTIZADA 340 GR', 'unid', 18.24, 20.00, 19.00, 0.00, 0, 19.00, NULL, 0, 0, 9),
(8, '8', 'ARROZ HOMAI 22.68 KG ', 'unid', 52.00, 75.00, 97.50, 97.50, 1, 70.00, 10.00, 0, 0, 9),
(9, '9', 'ARROZ HOMAI 4.5 KG ', 'unid', 17.00, 18.00, 0.00, 0.00, 0, 16.00, NULL, 0, 0, 9),
(10, '10', 'ARROZ HOMAI POR KG', 'kg', 3.00, 4.00, 5.20, 4.00, 0, 0.00, NULL, 0, 0, 9),
(11, '11', 'ARROZ LUCKY BOY 22.61 KG', 'unid', 19.00, 20.00, 0.00, 0.00, 0, 15.00, NULL, 0, 0, 9),
(12, '12', 'ARROZ LUCKY BOY POR KG', 'kg', 1.00, 2.00, 2.00, 2.00, 1, 2.00, 17.59, 0, 0, 9),
(13, '13', 'ATUN STEAK POR KG', 'kg', 19.00, 20.00, 20.00, 20.00, 1, 20.00, 4.00, 0, 0, 9),
(14, '14', 'ATUN STEAK YELLOWFIN 4OZ  4.5 KG', 'cj', 91.00, 95.00, 95.00, 95.00, 0, 0.00, NULL, 0, 0, 9),
(15, '15', 'CAMARONES 41-50 PYD 1.800 KG', 'unid', 13.00, 17.00, 22.10, 16.00, 1, 16.00, 1.00, 0, 0, 9),
(16, '16', 'CAMARONES PRECOCIDOS EN KG', 'kg', 7.00, 8.00, 8.00, 8.00, 1, 0.00, 18.72, 0, 0, 9),
(17, '17', 'CHOPSTICKS 100/30', 'unid', 3.00, 4.00, 0.00, 0.00, 0, 3.00, NULL, 0, 0, 9),
(18, '18', 'CORDERO DE NUEVA ZELANDA POR KG', 'kg', 38.00, 40.00, 40.00, 40.00, 1, 40.00, 10.96, 0, 0, 9),
(20, '20', 'CRAB STICKS GOLDEN SUN PAQ. 454GR', 'paq', 3.00, 4.00, 5.20, 4.00, 1, 3.50, 30.00, 0, 0, 9),
(21, '21', 'EDAMAMES CON CONCHA 400 GR', 'unid', 4.00, 4.00, 4.00, 0.00, 0, 4.00, NULL, 0, 0, 9),
(22, '22', 'EDAMAMES SIN CONCHA 400GR', 'unid', 4.00, 5.00, 4.00, 0.00, 0, 4.00, NULL, 0, 0, 9),
(23, '23', 'FILET DE SALMON AHUMADO POR KG', 'kg', 38.00, 40.00, 0.00, 0.00, 0, 0.00, NULL, 0, 0, 9),
(24, '24', 'FILET DE SALMON POR KG', 'kg', 21.00, 22.00, 28.60, 22.00, 1, 21.00, 10.00, 0, 0, 9),
(25, '25', 'GARI PINK POR PAQ.  908GR', 'unid', 9.00, 10.00, 0.00, 0.00, 0, 7.00, NULL, 0, 0, 9),
(26, '26', 'GYOZA PORK PASSPORT CUISINE 46 PZS', 'unid', 21.00, 22.00, 28.60, 0.00, 0, 0.00, NULL, 0, 0, 9),
(27, '27', 'HOJAS DE ARROZ', 'unid', 3.00, 4.00, 0.00, 0.00, 0, 3.00, NULL, 0, 0, 9),
(28, '28', 'HONDASHI AJINOMOTO', 'unid', 26.00, 28.00, 25.00, 0.00, 0, 26.00, NULL, 0, 0, 9),
(29, '29', 'IKURA CHUM SALMON ROE 1KG', 'unid', 115.00, 120.00, 0.00, 0.00, 0, 0.00, NULL, 0, 0, 9),
(30, '30', 'KAMABOKO PREMIUM GOLD 20X500GR 10KG', 'cj', 91.20, 100.00, 97.00, 130.00, 0, 95.00, NULL, 0, 0, 9),
(31, '31', 'KAMABOKO PREMIUM GOLD PAQ. 500', 'unid', 5.00, 6.00, 7.80, 6.00, 1, 5.00, 20.00, 0, 0, 9),
(32, '32', 'KIMCHEE SAUCE 1.2 KG', 'UNIDAD', 23.00, 24.00, 0.00, 0.00, 0, 0.00, 0.00, 0, 0, 9),
(33, '33', 'LOMO DE ATUN YELLOWFIN ALTAMAR FOODS- AA 5-8LB 13.61 KG', 'cj', 248.00, 258.00, 272.00, 0.00, 0, 0.00, NULL, 0, 0, 9),
(34, '34', 'LOMO DE ATUN YELLOWFIN ALTAMAR FOODS- POR KILO', 'kg', 19.00, 20.00, 26.00, 21.00, 0, 0.00, NULL, 0, 0, 9),
(35, '35', 'MASAGO 500 GR.', 'unid', 13.00, 14.00, 22.00, 18.20, 0, 0.00, NULL, 0, 0, 9),
(36, '36', 'MASAGO KOTOBUKI 100 GR', 'UNIDAD', 7.00, 8.00, 0.00, 0.00, 0, 0.00, 0.00, 0, 0, 9),
(37, '37', 'NORI PREMIUM GOLD KANEYAMA NEGRO 50X10', 'cj', 93.00, 97.00, 123.50, 95.00, 1, 95.00, 90.00, 0, 0, 9),
(38, '38', 'NORI PREMIUM GOLD KANEYAMA NEGRO PAQ. 50 HOJAS', 'unid', 11.00, 12.00, 15.60, 0.00, 0, 0.00, NULL, 0, 0, 9),
(39, '39', 'PANKO AMARILLO DE 10KG', 'unid', 52.00, 55.00, 72.00, 0.00, 0, 50.00, NULL, 0, 0, 9),
(40, '40', 'PANKO AMARILLO POR KILO', 'kg', 7.00, 8.00, 8.00, 8.00, 0, 0.00, NULL, 0, 0, 9),
(41, '41', 'PANKO BREAD CRUMS KIKKOMAN 9.07KG', 'unid', 57.00, 60.00, 60.00, 58.00, 1, 55.00, 1.00, 0, 0, 9),
(42, '42', 'PANKO BREAD CRUMS KIKKOMAN PAQ. POR KILO', 'kg', 7.00, 8.00, 10.40, 0.00, 0, 0.00, NULL, 0, 0, 9),
(43, '43', 'PANKO RED JAPANESE TOASTED STYLE KIKKOMAN 11.3KG', 'unid', 69.00, 75.00, 97.50, 70.00, 0, 0.00, NULL, 0, 0, 9),
(44, '44', 'PANKO RED JAPANESE TOASTED STYLE KIKKOMAN PAQ. POR KIL', 'kg', 7.00, 8.00, 0.00, 0.00, 0, 0.00, NULL, 0, 0, 9),
(45, '45', 'PUNTA ANGUS CERTIFICADA POR KG', 'kg', 25.00, 27.00, 27.50, 0.00, 0, 25.00, NULL, 0, 0, 9),
(46, '46', 'PUNTA IBP 3,5 LB POR KG', 'unid', 27.00, 29.00, 0.00, 0.00, 0, 27.00, NULL, 0, 0, 9),
(47, '47', 'PUNTA PRIME 5 STAR POR KG', 'kg', 26.00, 27.00, 0.00, 0.00, 0, 26.00, NULL, 0, 0, 9),
(48, '48', 'QUESO CREMA SAN MIGUEL', 'unid', 81.00, 85.00, 85.00, 0.00, 0, 0.00, NULL, 0, 0, 9),
(49, '49', 'RIBEYE ARGENTINO POR KG', 'kg', 38.00, 40.00, 0.00, 0.00, 0, 0.00, NULL, 0, 0, 9),
(50, '50', 'SALMON FILET PREMIUM 3-4LB FROZEN ATLANTIC 10KG', 'cj', 201.00, 210.00, 220.00, 0.00, 0, 0.00, NULL, 0, 0, 9),
(51, '51', 'SALMON PORTION PREMIUM 6OZ SIN PIEL FROZEN ATLANTIC 4.5 KG', 'cj', 129.00, 135.00, 0.00, 0.00, 0, 0.00, NULL, 0, 0, 9),
(53, '53', 'SALSA DE OSTRAS PANDA LKK', 'unid', 14.00, 15.00, 0.00, 0.00, 0, 0.00, NULL, 0, 0, 9),
(54, '54', 'SALSA DE SOYA CON CHAMPI?ONES 5 LT', 'unid', 19.00, 20.00, 0.00, 0.00, 0, 19.00, NULL, 0, 0, 9),
(55, '55', 'SHUMAI PORK', 'unid', 19.00, 20.00, 0.00, 0.00, 0, 0.00, NULL, 0, 0, 9),
(56, '56', 'SIRACHA SAUCE 793 G', 'unid', 9.00, 10.00, 14.30, 11.00, 0, 9.00, NULL, 0, 0, 9),
(57, '57', 'SOY WRAPPER GREEN', 'unid', 16.00, 17.00, 0.00, 0.00, 0, 0.00, NULL, 0, 0, 9),
(58, '58', 'SOY WRAPPER SESAME', 'unid', 16.00, 17.00, 0.00, 0.00, 0, 0.00, NULL, 0, 0, 9),
(59, '59', 'SOY WRAPPER YELLOW', 'unid', 16.00, 17.00, 0.00, 0.00, 0, 0.00, NULL, 0, 0, 9),
(60, '60', 'SOYA EN SOBRE KIKKOMAN  50 PAQ. DE 8ML', 'unid', 4.00, 5.00, 0.00, 0.00, 0, 0.00, NULL, 0, 0, 9),
(61, '61', 'SOYA EN SOBRE KIKKOMAN 500/8ML.', 'unid', 36.00, 38.00, 40.00, 0.00, 0, 0.00, NULL, 0, 0, 9),
(62, '62', 'SOYA KIKKOMAN 15.1 LIGHT', 'unid', 62.00, 65.00, 0.00, 0.00, 0, 60.00, NULL, 0, 0, 9),
(63, '63', 'SOYA KIKKOMAN 5 GAL 18.9LT', 'unid', 76.00, 80.00, 75.00, 78.00, 0, 78.00, NULL, 0, 0, 9),
(64, '64', 'SPRING ROLL WRAPPER (25PCS)', 'unid', 2.00, 4.00, 3.50, 4.00, 1, 3.50, 40.00, 0, 0, 9),
(65, '65', 'SPRING ROLL WRAPPER VEGETALES GRA 2,11 OZ', 'unid', 12.00, 13.00, 0.00, 0.00, 0, 0.00, NULL, 0, 0, 9),
(66, '66', 'SPRING ROLL WRAPPER VEGETALES PEQ 1 OZ', 'unid', 4.00, 4.00, 0.00, 0.00, 0, 0.00, NULL, 0, 0, 9),
(67, '67', 'TOBIKO NEGRO  5OOG', 'unid', 46.00, 48.00, 0.00, 0.00, 0, 45.00, NULL, 0, 0, 9),
(68, '68', 'TOBIKO ROJO 500 G', 'unid', 46.00, 48.00, 0.00, 0.00, 0, 45.00, NULL, 0, 0, 9),
(69, '69', 'TOBIKO VERDE 500 G', 'unid', 46.00, 48.00, 0.00, 0.00, 0, 45.00, NULL, 0, 0, 9),
(70, '70', ' spice (300 gr)', 'unid', 14.00, 15.00, 0.00, 0.00, 0, 14.00, NULL, 0, 0, 9),
(71, '71', 'WAKAME SEAWEED SALAD 1KG', 'unid', 9.60, 11.00, 13.00, 14.30, 1, 10.00, 12.00, 0, 0, 9),
(72, '72', 'WASABI-KO CS  WANER', 'unid', 19.00, 20.00, 0.00, 0.00, 0, 0.00, NULL, 0, 0, 9),
(73, '73', 'L  CAMARON 41-50 PYD 1.800KG ', 'unid', 13.00, 17.00, 16.00, 22.00, 1, 15.00, 20.00, 0, 0, 11),
(74, '74', 'L  CAMARON 51-60 PYD 1.800KG ', 'unid', 13.00, 17.00, 16.00, 21.20, 0, 10.00, NULL, 0, 0, 11),
(75, '75', 'L  NORI PREMIUM GOLD KANEYAMA ORANGE 100 HOJAS ', 'unid', 3.00, 8.00, 0.00, 0.00, 0, 7.00, NULL, 0, 0, 10),
(76, '76', 'L  ARROZ NISHIKI 22.68 KG ', 'unid', 85.00, 90.00, 0.00, 0.00, 0, 0.00, NULL, 0, 0, 10),
(77, '77', ' L  NORI YAKI SUSHI 10 HOJAS', 'unid', 1.00, 3.00, 0.00, 0.00, 0, 0.00, NULL, 0, 0, 10),
(78, '78', 'L  AYUDANTES DE HASHI 500 UND ', 'unid', 37.00, 47.00, 0.00, 0.00, 0, 0.00, NULL, 0, 0, 10),
(79, '79', 'L PASTA MISO 1 KG ', 'unid', 11.00, 15.00, 0.00, 0.00, 0, 0.00, NULL, 0, 0, 10),
(80, '80', 'L  HASHIS BAMBU  100 PARES ', 'unid', 2.00, 4.00, 0.00, 0.00, 0, 3.00, NULL, 0, 0, 12),
(81, '81', 'L SALMON MEDIA PENCA ', 'kg', 15.00, 22.00, 0.00, 0.00, 0, 0.00, NULL, 0, 0, 15),
(82, '12', 'L hashi 50 pares', 'unid', 1.35, 2.00, 1.80, 1.80, 0, NULL, NULL, NULL, NULL, 12),
(83, '83', 'L Wakame con Ajonjolí ', 'unid', 9.00, 11.00, 14.00, 10.00, 0, NULL, NULL, NULL, NULL, 13),
(84, '52', 'SALMON SIN PIEL Kg', 'kg', 28.00, 30.00, 30.00, 30.00, 0, NULL, NULL, NULL, NULL, 9),
(85, '19', 'CRAB STICKR GOLDEN SUN 30x454 GR 13.61KG', 'cj', 80.00, 87.00, 117.00, 95.00, 1, 90.00, 1.00, NULL, NULL, 9),
(86, '54', 'NORI KANEYAMA ORANGE 100 X 10', 'cj', 38.00, 78.00, 75.00, 50.00, 1, NULL, 50.00, NULL, NULL, 10),
(87, '55', 'TOGARASHI SPICE (300GR)', 'unid', 10.00, 15.00, 14.00, 13.00, 1, 14.00, 126.00, NULL, NULL, 9),
(88, '56', 'Edamame c/c x caja ', 'unid', 70.00, 80.00, 79.00, 80.00, 1, 80.00, 20.00, NULL, NULL, 9),
(89, '57', '5 especie ', 'unid', 3.00, 5.00, 5.00, 5.00, 0, NULL, NULL, NULL, NULL, 10),
(90, '59', 'FILET DE PESCADO BLANCO POR KILO', 'kg', 5.00, 8.00, 10.40, 10.20, 1, 7.50, 10.00, NULL, NULL, 11),
(91, '60', 'SOYA KIKOMAN 15LT', 'unid', 50.00, 60.00, 65.00, 63.00, 1, 60.00, 10.00, NULL, NULL, 9),
(92, '65', 'Hashi decorativo ', 'unid', 0.50, 1.00, 1.50, 2.00, 0, NULL, NULL, NULL, NULL, 12),
(93, '67', 'SUSHI BAMBU STERILLAS ', 'unid', 1.00, 3.00, 2.00, 3.00, 0, NULL, NULL, NULL, NULL, 9),
(94, '70', 'JERMINADOS L', 'kg', 1.50, 3.50, 3.50, 4.00, 0, NULL, NULL, NULL, NULL, 10),
(95, '123456', 'test', 'unid', 0.00, 0.00, 0.00, 0.00, 0, NULL, NULL, 12, 9, 14),
(96, '000090', 'PESCADO BLANCO 10KG', 'cj', 60.00, 80.00, 102.00, 60.00, 0, NULL, NULL, NULL, NULL, 14),
(97, '89', 'STRIPLOIN SOLOMO ARGENTINO POR KG', 'kg', 38.40, 40.00, 0.00, 0.00, 0, 10.00, NULL, NULL, NULL, 9),
(98, '70', 'BARCO DECORATIBO  70CM', 'unid', 30.00, 90.00, 0.00, 0.00, 0, NULL, NULL, NULL, NULL, 15),
(99, '90', 'PUENTE DECORATIBO 43X26.50CM', 'unid', 30.00, 50.00, 0.00, 0.00, 0, NULL, NULL, NULL, NULL, 15),
(100, '93', 'CARAMELOS DE JENGIBRE', 'unid', 1.00, 3.00, 0.00, 0.00, 0, NULL, NULL, NULL, NULL, 15);

-- --------------------------------------------------------

--
-- Estructura de tabla para la tabla `productos_cotizados`
--

CREATE TABLE `productos_cotizados` (
  `id` bigint UNSIGNED NOT NULL,
  `cantidad` decimal(5,2) NOT NULL,
  `precio` decimal(8,2) NOT NULL,
  `idProducto` bigint NOT NULL,
  `idCotizacion` bigint NOT NULL
) ENGINE=InnoDB DEFAULT CHARSET=utf8mb4 COLLATE=utf8mb4_general_ci;

--
-- Volcado de datos para la tabla `productos_cotizados`
--

INSERT INTO `productos_cotizados` (`id`, `cantidad`, `precio`, `idProducto`, `idCotizacion`) VALUES
(68, 1.00, 30.00, 1, 12),
(69, 1.00, 20.00, 2, 12),
(70, 1.00, 20.00, 2, 13),
(71, 1.00, 110.00, 3, 13),
(72, 1.00, 8.00, 16, 14),
(73, 1.00, 110.00, 3, 14),
(74, 1.00, 30.00, 1, 15),
(75, 1.00, 17.00, 15, 15),
(76, 1.00, 30.00, 1, 16),
(77, 1.00, 6.00, 4, 16),
(78, 2.00, 100.00, 30, 17),
(79, 10.00, 16.00, 15, 17),
(80, 8.00, 11.00, 71, 17),
(81, 7.26, 22.00, 24, 17),
(82, 1.00, 20.00, 2, 17),
(83, 4.00, 12.00, 38, 17),
(84, 1.00, 75.00, 8, 17),
(85, 1.00, 30.00, 1, 18),
(86, 10.00, 90.00, 85, 19),
(87, 1.00, 100.00, 30, 19),
(88, 1.00, 60.00, 41, 20),
(89, 1.00, 95.00, 37, 20),
(90, 1.00, 85.00, 48, 20),
(91, 10.00, 4.00, 80, 20),
(92, 1.00, 38.00, 61, 20),
(93, 1.00, 75.00, 8, 20);

-- --------------------------------------------------------

--
-- Estructura de tabla para la tabla `productos_removidos`
--

CREATE TABLE `productos_removidos` (
  `id` bigint UNSIGNED NOT NULL,
  `fecha` datetime NOT NULL,
  `cantidad` decimal(5,2) NOT NULL,
  `idProducto` bigint NOT NULL,
  `idUsuario` bigint NOT NULL
) ENGINE=InnoDB DEFAULT CHARSET=utf8mb4 COLLATE=utf8mb4_general_ci;

--
-- Volcado de datos para la tabla `productos_removidos`
--

INSERT INTO `productos_removidos` (`id`, `fecha`, `cantidad`, `idProducto`, `idUsuario`) VALUES
(67, '2025-04-02 16:00:16', 80.00, 80, 1),
(68, '2025-04-03 06:40:26', 128.00, 1, 1),
(69, '2025-04-03 07:11:14', 8.00, 20, 1),
(70, '2025-04-03 07:22:11', 590.00, 12, 1),
(71, '2025-04-03 07:22:43', 590.00, 12, 1),
(72, '2025-04-03 07:33:18', 1.00, 25, 1),
(73, '2025-04-03 16:32:01', 1.00, 37, 1),
(74, '2025-04-10 16:54:58', 1.00, 2, 1),
(75, '2025-04-10 17:01:52', 3.00, 4, 1),
(76, '2025-04-10 17:02:41', 4.00, 6, 1),
(77, '2025-04-10 17:03:03', 2.00, 7, 1),
(78, '2025-04-10 17:05:43', 3.00, 9, 1),
(79, '2025-04-10 17:07:19', 2.00, 10, 1),
(80, '2025-04-10 17:08:06', 4.00, 11, 1),
(81, '2025-04-10 17:08:34', 2.00, 12, 1),
(82, '2025-04-10 17:09:29', 23.76, 13, 1),
(83, '2025-04-10 17:10:51', 1.00, 14, 1),
(84, '2025-04-10 17:11:42', 108.00, 15, 1),
(85, '2025-04-10 17:15:31', 43.00, 20, 1),
(86, '2025-04-10 17:21:31', 8.00, 25, 1),
(87, '2025-04-10 17:22:00', 1.00, 27, 1),
(88, '2025-04-10 17:24:49', 15.00, 32, 1),
(89, '2025-04-10 17:27:02', 16.00, 37, 1),
(90, '2025-04-10 17:27:31', 60.00, 37, 1),
(91, '2025-04-10 17:27:44', 1.00, 38, 1),
(92, '2025-04-10 17:29:09', 19.00, 41, 1),
(93, '2025-04-10 17:29:22', 4.00, 41, 1),
(94, '2025-04-10 17:43:25', 1.58, 84, 1),
(95, '2025-04-19 11:29:24', 22.00, 1, 1),
(96, '2025-04-21 09:37:31', 1.00, 5, 1),
(97, '2025-04-21 09:39:50', 2.00, 7, 1),
(98, '2025-04-21 09:41:50', 3.00, 9, 1),
(99, '2025-04-21 09:50:45', 1.43, 13, 1),
(100, '2025-04-21 09:55:20', 20.00, 21, 1),
(101, '2025-04-21 09:56:21', 20.00, 22, 1),
(102, '2025-04-21 09:59:19', 2.70, 23, 1),
(103, '2025-04-21 10:09:32', 1.00, 27, 1),
(104, '2025-04-21 10:09:43', 1.00, 29, 1),
(105, '2025-04-21 10:17:54', 2.00, 33, 1),
(106, '2025-04-21 10:18:59', 3.00, 35, 1),
(107, '2025-04-21 10:19:20', 137.00, 36, 1),
(108, '2025-04-21 10:32:13', 1.00, 51, 1),
(109, '2025-04-21 11:20:50', 2.00, 65, 1),
(110, '2025-04-21 11:49:06', 1.00, 86, 1),
(111, '2025-04-21 11:56:42', 15.00, 83, 1),
(112, '2025-04-21 12:18:09', 1.00, 96, 8),
(113, '2025-04-21 14:50:25', 30.00, 15, 8),
(114, '2025-04-21 14:51:13', 2.00, 30, 8),
(115, '2025-04-21 14:51:37', 1.00, 85, 8),
(116, '2025-04-21 14:56:18', 1.00, 8, 8),
(117, '2025-04-21 15:05:23', 3.50, 24, 8),
(118, '2025-04-21 15:07:29', 1.00, 39, 8),
(119, '2025-04-21 15:12:08', 5.00, 71, 8),
(120, '2025-04-21 15:21:44', 2.00, 56, 8),
(121, '2025-04-21 15:22:48', 5.00, 82, 8),
(122, '2025-04-21 15:28:20', 1.00, 8, 8),
(123, '2025-04-21 15:28:46', 5.00, 15, 8),
(124, '2025-04-21 16:43:26', 1.56, 90, 8),
(125, '2025-04-22 09:20:05', 4.00, 62, 8),
(126, '2025-04-24 16:37:33', 1.00, 30, 8),
(127, '2025-04-25 19:03:58', 1.00, 39, 8),
(128, '2025-04-27 09:25:53', 1.00, 85, 8),
(129, '2025-04-27 09:35:53', 2.00, 50, 8),
(130, '2025-04-27 09:54:56', 1.00, 30, 8),
(131, '2025-04-27 09:55:58', 3.00, 31, 8),
(132, '2025-04-27 10:20:15', 1.00, 37, 8);

-- --------------------------------------------------------

--
-- Estructura de tabla para la tabla `productos_vendidos`
--

CREATE TABLE `productos_vendidos` (
  `id` bigint UNSIGNED NOT NULL,
  `fecha` datetime NOT NULL,
  `cantidad` decimal(5,2) NOT NULL,
  `precio` decimal(8,2) NOT NULL,
  `idProducto` bigint NOT NULL,
  `idReferencia` bigint NOT NULL,
  `tipo` enum('apartado','cuenta','venta') COLLATE utf8mb4_general_ci DEFAULT NULL
) ENGINE=InnoDB DEFAULT CHARSET=utf8mb4 COLLATE=utf8mb4_general_ci;

--
-- Volcado de datos para la tabla `productos_vendidos`
--

INSERT INTO `productos_vendidos` (`id`, `fecha`, `cantidad`, `precio`, `idProducto`, `idReferencia`, `tipo`) VALUES
(77, '2025-04-02 13:22:57', 1.00, 12.00, 38, 28, 'venta'),
(78, '2025-04-02 13:22:57', 1.00, 11.00, 71, 28, 'venta'),
(79, '2025-04-02 16:26:42', 80.00, 1.80, 82, 12, 'cuenta'),
(80, '2025-04-02 17:13:00', 1.00, 60.00, 41, 29, 'venta'),
(81, '2025-04-02 17:52:22', 1.00, 8.00, 42, 30, 'venta'),
(82, '2025-04-02 18:27:30', 2.00, 60.00, 41, 31, 'venta'),
(83, '2025-04-02 18:38:02', 1.00, 97.50, 8, 32, 'venta'),
(84, '2025-04-02 18:41:33', 1.00, 4.00, 20, 33, 'venta'),
(85, '2025-04-03 08:56:15', 0.56, 30.00, 84, 34, 'venta'),
(86, '2025-04-03 08:56:15', 1.00, 10.00, 83, 34, 'venta'),
(87, '2025-04-03 08:56:15', 1.00, 60.00, 41, 34, 'venta'),
(88, '2025-04-03 10:10:24', 22.00, 90.00, 85, 13, 'cuenta'),
(89, '2025-04-03 10:10:24', 20.00, 16.00, 74, 13, 'cuenta'),
(90, '2025-04-03 10:21:14', 1.00, 60.00, 41, 35, 'venta'),
(91, '2025-04-03 11:06:47', 2.00, 6.00, 4, 14, 'cuenta'),
(92, '2025-04-03 11:06:48', 3.00, 60.00, 41, 14, 'cuenta'),
(93, '2025-04-03 11:06:48', 4.00, 20.00, 2, 14, 'cuenta'),
(94, '2025-04-03 11:06:48', 13.00, 15.00, 87, 14, 'cuenta'),
(95, '2025-04-03 11:06:48', 3.00, 28.00, 28, 14, 'cuenta'),
(96, '2025-04-03 11:06:48', 1.00, 80.00, 88, 14, 'cuenta'),
(97, '2025-04-03 11:06:48', 1.00, 5.00, 89, 14, 'cuenta'),
(98, '2025-04-03 11:34:37', 3.00, 5.00, 89, 15, 'cuenta'),
(99, '2025-04-03 11:41:56', 1.00, 55.00, 39, 16, 'cuenta'),
(100, '2025-04-03 11:41:56', 1.00, 75.00, 8, 16, 'cuenta'),
(101, '2025-04-03 11:41:56', 1.00, 100.00, 30, 16, 'cuenta'),
(102, '2025-04-03 11:41:56', 1.00, 14.00, 35, 16, 'cuenta'),
(103, '2025-04-03 11:51:46', 3.00, 90.00, 85, 17, 'cuenta'),
(104, '2025-04-03 11:51:46', 1.00, 14.00, 35, 17, 'cuenta'),
(105, '2025-04-03 11:51:46', 1.00, 8.00, 36, 17, 'cuenta'),
(106, '2025-04-03 11:51:46', 2.00, 78.00, 86, 17, 'cuenta'),
(107, '2025-04-03 11:51:46', 10.00, 16.00, 15, 17, 'cuenta'),
(108, '2025-04-03 11:51:46', 2.00, 11.00, 71, 17, 'cuenta'),
(109, '2025-04-03 11:51:46', 2.00, 6.00, 6, 17, 'cuenta'),
(110, '2025-04-03 11:51:47', 2.00, 100.00, 30, 17, 'cuenta'),
(111, '2025-04-03 11:51:47', 1.00, 10.00, 56, 17, 'cuenta'),
(112, '2025-04-03 11:51:47', 1.00, 85.00, 48, 17, 'cuenta'),
(113, '2025-04-03 11:51:47', 20.00, 1.80, 82, 17, 'cuenta'),
(114, '2025-04-03 11:58:41', 4.00, 75.00, 8, 36, 'venta'),
(115, '2025-04-03 11:58:41', 5.00, 60.00, 41, 36, 'venta'),
(116, '2025-04-03 11:58:42', 5.00, 55.00, 39, 36, 'venta'),
(117, '2025-04-03 11:58:42', 4.00, 11.00, 71, 36, 'venta'),
(118, '2025-04-03 11:58:42', 2.00, 14.00, 35, 36, 'venta'),
(119, '2025-04-03 11:58:42', 1.00, 20.00, 72, 36, 'venta'),
(120, '2025-04-03 11:58:42', 1.00, 10.00, 25, 36, 'venta'),
(121, '2025-04-03 12:40:53', 2.00, 4.00, 20, 37, 'venta'),
(122, '2025-04-03 12:40:53', 1.00, 4.00, 10, 37, 'venta'),
(123, '2025-04-03 12:40:53', 1.00, 11.00, 83, 37, 'venta'),
(124, '2025-04-03 12:40:53', 1.00, 8.00, 75, 37, 'venta'),
(125, '2025-04-03 12:40:53', 1.00, 2.00, 82, 37, 'venta'),
(126, '2025-04-03 13:01:09', 1.64, 22.00, 24, 38, 'venta'),
(127, '2025-04-03 13:01:09', 1.00, 14.00, 35, 38, 'venta'),
(128, '2025-04-03 13:10:55', 1.00, 8.00, 40, 39, 'venta'),
(129, '2025-04-03 13:10:55', 1.00, 4.00, 20, 39, 'venta'),
(130, '2025-04-03 13:10:55', 1.00, 6.00, 31, 39, 'venta'),
(131, '2025-04-03 13:10:55', 1.00, 2.00, 82, 39, 'venta'),
(132, '2025-04-03 13:15:23', 1.00, 75.00, 8, 40, 'venta'),
(133, '2025-04-03 13:44:36', 1.00, 11.00, 83, 41, 'venta'),
(134, '2025-04-03 13:44:36', 3.00, 6.00, 31, 41, 'venta'),
(135, '2025-04-03 13:44:36', 3.00, 4.00, 20, 41, 'venta'),
(136, '2025-04-03 15:45:23', 1.00, 8.00, 40, 42, 'venta'),
(137, '2025-04-03 15:45:23', 5.00, 2.00, 82, 42, 'venta'),
(138, '2025-04-03 15:53:52', 1.00, 17.00, 15, 43, 'venta'),
(139, '2025-04-03 16:02:52', 4.00, 4.00, 10, 44, 'venta'),
(140, '2025-04-03 16:02:52', 2.00, 4.00, 20, 44, 'venta'),
(141, '2025-04-03 16:18:00', 1.00, 17.00, 15, 45, 'venta'),
(142, '2025-04-03 16:24:05', 1.00, 60.00, 41, 46, 'venta'),
(143, '2025-04-03 17:13:20', 12.00, 2.00, 82, 18, 'cuenta'),
(144, '2025-04-03 17:15:18', 1.00, 17.00, 15, 47, 'venta'),
(145, '2025-04-03 17:34:12', 60.00, 16.00, 15, 19, 'cuenta'),
(146, '2025-04-03 18:50:06', 5.00, 22.00, 15, 48, 'venta'),
(147, '2025-04-04 08:12:31', 100.00, 16.00, 15, 20, 'cuenta'),
(148, '2025-04-04 10:08:53', 6.00, 75.00, 8, 21, 'cuenta'),
(149, '2025-04-04 10:08:53', 4.00, 100.00, 30, 21, 'cuenta'),
(150, '2025-04-04 10:08:53', 4.00, 97.00, 37, 21, 'cuenta'),
(151, '2025-04-04 10:08:53', 12.00, 7.50, 90, 21, 'cuenta'),
(152, '2025-04-04 10:08:53', 2.00, 85.00, 48, 21, 'cuenta'),
(153, '2025-04-04 10:08:53', 2.00, 80.00, 63, 21, 'cuenta'),
(154, '2025-04-04 10:08:53', 1.00, 55.00, 39, 21, 'cuenta'),
(155, '2025-04-04 10:08:53', 1.00, 14.00, 35, 21, 'cuenta'),
(156, '2025-04-04 10:08:53', 4.00, 11.00, 71, 21, 'cuenta'),
(157, '2025-04-04 10:08:53', 7.24, 22.00, 24, 21, 'cuenta'),
(158, '2025-04-04 10:08:53', 2.00, 4.00, 27, 21, 'cuenta'),
(159, '2025-04-04 10:08:53', 3.00, 4.00, 80, 21, 'cuenta'),
(160, '2025-04-04 10:08:53', 10.00, 4.00, 20, 21, 'cuenta'),
(161, '2025-04-04 10:14:00', 3.00, 4.00, 20, 49, 'venta'),
(162, '2025-04-04 10:14:00', 1.00, 17.00, 15, 49, 'venta'),
(163, '2025-04-04 10:35:21', 10.00, 16.00, 15, 22, 'cuenta'),
(164, '2025-04-04 10:35:21', 1.00, 6.00, 6, 22, 'cuenta'),
(165, '2025-04-04 13:41:08', 4.00, 8.00, 75, 24, 'cuenta'),
(166, '2025-04-04 13:41:08', 3.00, 17.00, 15, 24, 'cuenta'),
(167, '2025-04-04 13:41:08', 2.00, 11.00, 71, 24, 'cuenta'),
(168, '2025-04-04 13:41:08', 6.00, 6.00, 31, 24, 'cuenta'),
(169, '2025-04-04 13:41:08', 5.00, 4.00, 20, 24, 'cuenta'),
(170, '2025-04-04 15:24:44', 1.06, 20.00, 13, 50, 'venta'),
(171, '2025-04-04 15:24:44', 1.00, 8.00, 44, 50, 'venta'),
(172, '2025-04-04 16:01:48', 6.00, 4.00, 64, 129, 'cuenta'),
(173, '2025-04-04 16:01:48', 4.00, 17.00, 74, 129, 'cuenta'),
(174, '2025-04-04 16:01:48', 10.00, 6.00, 31, 129, 'cuenta'),
(175, '2025-04-04 16:01:48', 3.00, 95.00, 85, 129, 'cuenta'),
(176, '2025-04-04 16:01:49', 3.00, 8.00, 75, 129, 'cuenta'),
(177, '2025-04-04 16:35:39', 3.00, 212.00, 74, 130, 'cuenta'),
(178, '2025-04-04 16:35:39', 1.00, 117.00, 85, 130, 'cuenta'),
(179, '2025-04-05 14:17:39', 3.78, 22.00, 24, 131, 'cuenta'),
(180, '2025-04-05 14:17:39', 1.00, 28.00, 28, 131, 'cuenta'),
(181, '2025-04-05 14:17:39', 2.00, 22.00, 26, 131, 'cuenta'),
(182, '2025-04-05 14:17:39', 2.00, 11.00, 83, 131, 'cuenta'),
(183, '2025-04-05 14:17:39', 4.00, 2.00, 82, 131, 'cuenta'),
(184, '2025-04-05 14:23:07', 2.00, 11.00, 83, 132, 'cuenta'),
(185, '2025-04-05 14:23:07', 5.00, 6.00, 31, 132, 'cuenta'),
(186, '2025-04-05 14:23:07', 1.00, 85.00, 48, 132, 'cuenta'),
(187, '2025-04-05 14:23:07', 1.00, 95.00, 37, 132, 'cuenta'),
(188, '2025-04-05 14:23:07', 1.00, 95.00, 85, 132, 'cuenta'),
(189, '2025-04-05 14:23:07', 2.00, 22.00, 26, 132, 'cuenta'),
(190, '2025-04-05 14:25:18', 1.00, 75.00, 8, 133, 'cuenta'),
(191, '2025-04-05 14:25:18', 1.00, 11.00, 71, 133, 'cuenta'),
(192, '2025-04-05 18:01:54', 1.00, 17.00, 74, 51, 'venta'),
(193, '2025-04-05 18:01:54', 1.00, 4.00, 20, 51, 'venta'),
(194, '2025-04-06 10:25:08', 10.00, 16.00, 15, 134, 'cuenta'),
(195, '2025-04-06 10:25:08', 2.00, 11.00, 71, 134, 'cuenta'),
(196, '2025-04-06 10:25:08', 1.00, 85.00, 48, 134, 'cuenta'),
(197, '2025-04-08 15:03:01', 2.00, 75.00, 8, 52, 'venta'),
(198, '2025-04-08 15:49:32', 2.00, 97.50, 8, 53, 'venta'),
(199, '2025-04-10 11:22:06', 1.00, 4.00, 20, 54, 'venta'),
(200, '2025-04-10 11:22:06', 1.00, 6.00, 31, 54, 'venta'),
(201, '2025-04-10 11:29:13', 1.00, 18.00, 9, 55, 'venta'),
(202, '2025-04-10 12:16:16', 40.00, 21.20, 74, 135, 'cuenta'),
(203, '2025-04-10 12:16:16', 1.00, 117.00, 85, 135, 'cuenta'),
(204, '2025-04-10 13:27:26', 4.00, 4.00, 20, 56, 'venta'),
(205, '2025-04-10 15:29:42', 6.00, 7.80, 31, 57, 'venta'),
(206, '2025-04-10 16:03:07', 1.88, 28.60, 24, 58, 'venta'),
(207, '2025-04-10 16:03:07', 5.00, 22.00, 73, 58, 'venta'),
(219, '2025-04-11 09:51:43', 1.00, 75.00, 8, 59, 'venta'),
(220, '2025-04-11 09:51:43', 1.00, 55.00, 39, 59, 'venta'),
(221, '2025-04-11 09:51:43', 1.00, 11.00, 71, 59, 'venta'),
(222, '2025-04-11 09:51:44', 1.00, 14.00, 35, 59, 'venta'),
(223, '2025-04-11 09:51:44', 1.00, 17.00, 15, 59, 'venta'),
(224, '2025-04-11 09:51:44', 3.00, 4.00, 20, 59, 'venta'),
(225, '2025-04-11 10:03:38', 2.00, 6.00, 31, 60, 'venta'),
(226, '2025-04-11 10:03:39', 2.00, 10.00, 83, 60, 'venta'),
(227, '2025-04-11 10:08:51', 2.00, 8.00, 40, 61, 'venta'),
(228, '2025-04-11 10:08:51', 2.00, 6.00, 4, 61, 'venta'),
(229, '2025-04-11 10:12:40', 10.00, 16.00, 15, 137, 'cuenta'),
(230, '2025-04-11 10:12:40', 2.00, 97.00, 37, 137, 'cuenta'),
(231, '2025-04-11 10:12:40', 2.00, 95.00, 85, 137, 'cuenta'),
(232, '2025-04-11 10:12:40', 2.00, 14.00, 35, 137, 'cuenta'),
(233, '2025-04-11 10:16:50', 20.00, 97.00, 30, 138, 'cuenta'),
(234, '2025-04-11 10:21:08', 1.00, 15.00, 53, 62, 'venta'),
(235, '2025-04-11 10:21:08', 1.00, 60.00, 41, 62, 'venta'),
(236, '2025-04-11 10:30:07', 2.00, 4.00, 10, 63, 'venta'),
(237, '2025-04-11 10:30:07', 1.00, 8.00, 40, 63, 'venta'),
(238, '2025-04-11 10:30:07', 2.00, 4.00, 20, 63, 'venta'),
(239, '2025-04-11 11:03:09', 2.00, 17.00, 15, 64, 'venta'),
(240, '2025-04-11 11:03:10', 1.00, 85.00, 48, 64, 'venta'),
(241, '2025-04-11 11:03:10', 4.00, 6.00, 31, 64, 'venta'),
(242, '2025-04-11 11:11:57', 1.68, 22.00, 24, 65, 'venta'),
(243, '2025-04-11 11:11:57', 0.94, 20.00, 13, 65, 'venta'),
(244, '2025-04-11 11:11:57', 1.00, 6.00, 31, 65, 'venta'),
(245, '2025-04-11 11:11:57', 1.00, 17.00, 15, 65, 'venta'),
(246, '2025-04-11 11:15:46', 1.00, 95.00, 37, 66, 'venta'),
(247, '2025-04-11 11:18:23', 1.00, 60.00, 41, 67, 'venta'),
(248, '2025-04-11 11:23:09', 5.00, 58.00, 41, 68, 'venta'),
(249, '2025-04-11 11:23:09', 120.00, 3.00, 64, 68, 'venta'),
(250, '2025-04-11 11:24:00', 1.00, 8.00, 40, 69, 'venta'),
(251, '2025-04-11 11:27:44', 1.00, 100.00, 30, 139, 'cuenta'),
(252, '2025-04-11 11:27:44', 1.84, 22.00, 24, 139, 'cuenta'),
(253, '2025-04-11 11:27:44', 1.00, 95.00, 37, 139, 'cuenta'),
(254, '2025-04-11 11:43:13', 2.00, 97.00, 37, 140, 'cuenta'),
(255, '2025-04-11 11:43:13', 2.00, 75.00, 8, 140, 'cuenta'),
(256, '2025-04-11 11:43:13', 1.00, 60.00, 91, 140, 'cuenta'),
(257, '2025-04-11 11:43:13', 1.00, 75.00, 43, 140, 'cuenta'),
(258, '2025-04-11 11:43:13', 2.00, 60.00, 41, 140, 'cuenta'),
(259, '2025-04-11 13:05:54', 1.00, 60.00, 41, 141, 'cuenta'),
(260, '2025-04-11 13:23:21', 1.00, 6.00, 31, 70, 'venta'),
(261, '2025-04-11 13:23:21', 1.00, 14.00, 35, 70, 'venta'),
(262, '2025-04-11 15:34:33', 4.00, 17.00, 73, 142, 'cuenta'),
(263, '2025-04-11 17:50:17', 100.00, 21.20, 73, 143, 'cuenta'),
(264, '2025-04-11 17:50:17', 2.00, 117.00, 85, 143, 'cuenta'),
(265, '2025-04-12 07:18:44', 152.00, 17.00, 73, 144, 'cuenta'),
(266, '2025-04-12 07:18:44', 2.00, 75.00, 8, 144, 'cuenta'),
(267, '2025-04-12 07:18:44', 4.00, 100.00, 30, 144, 'cuenta'),
(268, '2025-04-12 07:18:44', 1.00, 95.00, 85, 144, 'cuenta'),
(269, '2025-04-12 07:18:44', 1.00, 85.00, 48, 144, 'cuenta'),
(270, '2025-04-12 07:18:44', 2.00, 11.00, 71, 144, 'cuenta'),
(271, '2025-04-12 07:18:44', 1.00, 14.00, 35, 144, 'cuenta'),
(272, '2025-04-12 07:18:44', 1.00, 78.00, 86, 144, 'cuenta'),
(273, '2025-04-12 07:18:44', 1.00, 12.00, 38, 144, 'cuenta'),
(274, '2025-04-12 12:29:48', 10.00, 16.00, 15, 145, 'cuenta'),
(275, '2025-04-12 12:29:48', 1.00, 85.00, 48, 145, 'cuenta'),
(276, '2025-04-12 12:29:48', 1.00, 100.00, 30, 145, 'cuenta'),
(277, '2025-04-12 12:32:42', 1.00, 75.00, 8, 146, 'cuenta'),
(278, '2025-04-12 12:32:42', 1.00, 17.00, 73, 146, 'cuenta'),
(279, '2025-04-12 12:32:42', 1.00, 95.00, 85, 146, 'cuenta'),
(280, '2025-04-12 13:05:12', 1.00, 78.00, 86, 147, 'cuenta'),
(281, '2025-04-12 13:05:12', 1.00, 95.00, 37, 147, 'cuenta'),
(282, '2025-04-12 13:05:12', 16.00, 17.00, 73, 147, 'cuenta'),
(283, '2025-04-12 13:05:12', 2.00, 75.00, 8, 147, 'cuenta'),
(284, '2025-04-12 13:05:12', 2.00, 100.00, 30, 147, 'cuenta'),
(285, '2025-04-12 13:05:12', 1.00, 95.00, 85, 147, 'cuenta'),
(286, '2025-04-12 13:05:12', 1.00, 85.00, 48, 147, 'cuenta'),
(287, '2025-04-12 13:05:12', 2.00, 11.00, 71, 147, 'cuenta'),
(288, '2025-04-12 13:05:12', 1.00, 14.00, 35, 147, 'cuenta'),
(289, '2025-04-12 13:13:52', 2.00, 4.00, 20, 71, 'venta'),
(290, '2025-04-12 13:13:52', 2.00, 6.00, 31, 71, 'venta'),
(291, '2025-04-12 13:13:52', 1.00, 17.00, 73, 71, 'venta'),
(292, '2025-04-12 13:13:52', 1.00, 11.00, 71, 71, 'venta'),
(293, '2025-04-12 13:13:52', 2.00, 2.00, 82, 71, 'venta'),
(294, '2025-04-12 14:58:14', 10.00, 16.00, 15, 148, 'cuenta'),
(295, '2025-04-12 14:58:14', 2.00, 75.00, 8, 148, 'cuenta'),
(296, '2025-04-12 15:20:26', 30.00, 16.00, 15, 149, 'cuenta'),
(297, '2025-04-12 15:20:26', 1.00, 100.00, 30, 149, 'cuenta'),
(298, '2025-04-12 15:20:26', 1.00, 95.00, 85, 149, 'cuenta'),
(299, '2025-04-12 15:20:27', 40.00, 3.50, 64, 149, 'cuenta'),
(300, '2025-04-12 15:20:27', 7.26, 22.00, 24, 149, 'cuenta'),
(301, '2025-04-12 15:20:27', 2.00, 75.00, 8, 149, 'cuenta'),
(302, '2025-04-12 15:20:27', 3.00, 11.00, 71, 149, 'cuenta'),
(303, '2025-04-12 15:33:05', 1.80, 28.60, 24, 72, 'venta'),
(304, '2025-04-12 16:07:32', 30.00, 16.00, 15, 150, 'cuenta'),
(305, '2025-04-12 16:07:32', 1.00, 100.00, 30, 150, 'cuenta'),
(306, '2025-04-12 16:07:32', 1.00, 95.00, 85, 150, 'cuenta'),
(307, '2025-04-12 16:07:32', 40.00, 3.50, 64, 150, 'cuenta'),
(308, '2025-04-12 16:07:32', 3.00, 55.00, 39, 150, 'cuenta'),
(309, '2025-04-12 16:07:32', 7.26, 22.00, 24, 150, 'cuenta'),
(310, '2025-04-12 16:07:32', 2.00, 75.00, 8, 150, 'cuenta'),
(311, '2025-04-12 16:07:32', 3.00, 11.00, 71, 150, 'cuenta'),
(312, '2025-04-12 16:22:18', 1.00, 95.00, 14, 151, 'cuenta'),
(313, '2025-04-12 17:18:36', 1.00, 78.00, 86, 152, 'cuenta'),
(314, '2025-04-12 17:18:36', 1.00, 97.00, 37, 152, 'cuenta'),
(315, '2025-04-12 17:18:36', 15.00, 16.00, 15, 152, 'cuenta'),
(316, '2025-04-12 17:18:36', 2.00, 75.00, 8, 152, 'cuenta'),
(317, '2025-04-12 17:18:36', 2.00, 100.00, 30, 152, 'cuenta'),
(318, '2025-04-12 17:18:36', 1.00, 95.00, 85, 152, 'cuenta'),
(319, '2025-04-12 17:18:36', 1.00, 85.00, 48, 152, 'cuenta'),
(320, '2025-04-12 17:18:36', 2.00, 11.00, 71, 152, 'cuenta'),
(321, '2025-04-12 17:18:36', 1.00, 14.00, 35, 152, 'cuenta'),
(322, '2025-04-12 17:23:38', 10.00, 16.00, 15, 153, 'cuenta'),
(323, '2025-04-13 09:48:25', 1.00, 11.00, 71, 154, 'cuenta'),
(324, '2025-04-13 09:48:25', 1.00, 17.00, 15, 154, 'cuenta'),
(325, '2025-04-13 09:48:25', 5.00, 6.00, 31, 154, 'cuenta'),
(326, '2025-04-13 09:48:25', 1.00, 85.00, 48, 154, 'cuenta'),
(327, '2025-04-13 09:48:25', 4.00, 8.00, 42, 154, 'cuenta'),
(328, '2025-04-13 09:48:25', 11.00, 4.00, 20, 154, 'cuenta'),
(329, '2025-04-13 09:48:25', 1.00, 6.00, 6, 154, 'cuenta'),
(330, '2025-04-13 10:25:14', 5.00, 100.00, 30, 155, 'cuenta'),
(331, '2025-04-13 10:25:14', 10.00, 10.00, 71, 155, 'cuenta'),
(332, '2025-04-13 10:25:14', 2.00, 80.00, 63, 155, 'cuenta'),
(333, '2025-04-13 11:26:54', 6.00, 22.10, 15, 73, 'venta'),
(334, '2025-04-13 11:49:52', 1.00, 22.00, 35, 74, 'venta'),
(335, '2025-04-13 11:49:52', 1.00, 14.00, 83, 74, 'venta'),
(336, '2025-04-13 11:49:52', 5.00, 22.00, 73, 74, 'venta'),
(337, '2025-04-13 14:31:42', 1.70, 22.00, 24, 75, 'venta'),
(338, '2025-04-13 14:31:42', 1.00, 14.00, 35, 75, 'venta'),
(339, '2025-04-13 14:31:42', 1.00, 11.00, 71, 75, 'venta'),
(340, '2025-04-13 15:25:08', 1.00, 100.00, 30, 76, 'venta'),
(341, '2025-04-13 18:10:26', 30.00, 16.00, 15, 156, 'cuenta'),
(342, '2025-04-13 19:31:56', 10.00, 22.00, 73, 77, 'venta'),
(343, '2025-04-14 09:22:40', 1.00, 210.00, 50, 78, 'venta'),
(344, '2025-04-14 09:22:40', 20.00, 16.00, 15, 78, 'venta'),
(345, '2025-04-14 09:22:40', 3.00, 40.00, 23, 78, 'venta'),
(346, '2025-04-14 09:22:40', 2.34, 20.00, 34, 78, 'venta'),
(347, '2025-04-14 09:33:56', 1.00, 210.00, 50, 79, 'venta'),
(348, '2025-04-14 09:33:56', 1.22, 40.00, 23, 79, 'venta'),
(349, '2025-04-14 09:33:56', 2.34, 20.00, 34, 79, 'venta'),
(350, '2025-04-14 09:33:56', 2.00, 17.00, 73, 79, 'venta'),
(351, '2025-04-14 09:36:12', 1.00, 80.00, 63, 80, 'venta'),
(352, '2025-04-14 09:36:12', 1.00, 75.00, 8, 80, 'venta'),
(353, '2025-04-14 09:36:12', 1.00, 95.00, 85, 80, 'venta'),
(354, '2025-04-14 11:35:14', 1.00, 60.00, 41, 81, 'venta'),
(355, '2025-04-14 11:57:45', 1.00, 95.00, 37, 157, 'cuenta'),
(356, '2025-04-14 11:57:45', 3.00, 17.00, 73, 157, 'cuenta'),
(357, '2025-04-14 11:57:45', 2.00, 4.00, 20, 157, 'cuenta'),
(358, '2025-04-14 12:24:02', 10.00, 16.00, 73, 82, 'venta'),
(359, '2025-04-14 12:24:02', 10.00, 4.00, 64, 82, 'venta'),
(360, '2025-04-14 12:24:02', 2.00, 11.00, 71, 82, 'venta'),
(361, '2025-04-14 12:24:02', 1.00, 20.00, 2, 82, 'venta'),
(362, '2025-04-14 13:13:25', 1.00, 60.00, 91, 158, 'cuenta'),
(363, '2025-04-14 13:13:25', 4.00, 11.00, 71, 158, 'cuenta'),
(364, '2025-04-14 13:13:25', 4.00, 17.00, 73, 158, 'cuenta'),
(365, '2025-04-14 16:00:59', 10.00, 22.00, 73, 83, 'venta'),
(366, '2025-04-14 16:37:09', 10.00, 16.00, 73, 84, 'venta'),
(367, '2025-04-14 16:41:03', 1.00, 4.00, 20, 85, 'venta'),
(368, '2025-04-14 16:41:03', 1.00, 8.00, 75, 85, 'venta'),
(369, '2025-04-14 16:51:36', 1.00, 5.20, 10, 86, 'venta'),
(370, '2025-04-14 16:51:36', 2.00, 4.00, 20, 86, 'venta'),
(371, '2025-04-14 16:56:15', 2.00, 87.00, 85, 159, 'cuenta'),
(372, '2025-04-14 16:56:16', 2.00, 55.00, 39, 159, 'cuenta'),
(373, '2025-04-14 16:56:16', 2.00, 95.00, 37, 159, 'cuenta'),
(374, '2025-04-14 16:56:16', 1.70, 22.00, 24, 159, 'cuenta'),
(375, '2025-04-14 17:15:25', 1.00, 17.00, 15, 87, 'venta'),
(376, '2025-04-14 17:15:25', 1.00, 8.00, 40, 87, 'venta'),
(377, '2025-04-14 17:15:25', 1.00, 4.00, 20, 87, 'venta'),
(378, '2025-04-14 17:17:26', 5.10, 8.00, 90, 88, 'venta'),
(379, '2025-04-14 17:21:24', 10.00, 16.00, 15, 160, 'cuenta'),
(380, '2025-04-14 17:21:24', 1.72, 22.00, 24, 160, 'cuenta'),
(381, '2025-04-14 17:51:38', 30.00, 16.00, 15, 161, 'cuenta'),
(382, '2025-04-14 17:51:38', 1.00, 95.00, 37, 161, 'cuenta'),
(383, '2025-04-14 17:51:38', 2.00, 100.00, 30, 161, 'cuenta'),
(384, '2025-04-14 17:51:39', 1.00, 95.00, 85, 161, 'cuenta'),
(385, '2025-04-14 17:51:39', 1.00, 75.00, 8, 161, 'cuenta'),
(386, '2025-04-14 17:51:39', 9.10, 27.00, 45, 161, 'cuenta'),
(387, '2025-04-14 17:51:39', 6.92, 22.00, 24, 161, 'cuenta'),
(388, '2025-04-14 17:51:39', 1.00, 55.00, 39, 161, 'cuenta'),
(389, '2025-04-14 17:51:39', 5.00, 11.00, 71, 161, 'cuenta'),
(390, '2025-04-14 17:51:39', 1.00, 10.00, 56, 161, 'cuenta'),
(391, '2025-04-14 17:51:39', 2.00, 2.00, 82, 161, 'cuenta'),
(392, '2025-04-14 18:12:40', 40.00, 8.00, 90, 162, 'cuenta'),
(393, '2025-04-14 18:12:40', 5.00, 75.00, 43, 162, 'cuenta'),
(394, '2025-04-14 18:12:40', 2.00, 95.00, 85, 162, 'cuenta'),
(395, '2025-04-14 18:12:40', 1.00, 100.00, 30, 162, 'cuenta'),
(396, '2025-04-14 18:12:40', 15.00, 10.00, 71, 162, 'cuenta'),
(397, '2025-04-14 18:12:40', 10.00, 16.00, 74, 162, 'cuenta'),
(398, '2025-04-14 18:12:40', 3.00, 85.00, 48, 162, 'cuenta'),
(399, '2025-04-14 18:12:40', 1.00, 20.00, 2, 162, 'cuenta'),
(400, '2025-04-14 18:12:40', 5.48, 22.00, 24, 162, 'cuenta'),
(401, '2025-04-14 18:12:40', 1.00, 15.00, 53, 162, 'cuenta'),
(402, '2025-04-14 18:12:40', 5.00, 6.00, 6, 162, 'cuenta'),
(403, '2025-04-14 18:12:40', 3.90, 20.00, 34, 162, 'cuenta'),
(404, '2025-04-14 18:12:40', 4.00, 38.00, 61, 162, 'cuenta'),
(405, '2025-04-14 18:33:12', 10.00, 16.00, 15, 163, 'cuenta'),
(406, '2025-04-15 07:33:56', 2.00, 38.00, 61, 164, 'cuenta'),
(407, '2025-04-15 10:34:05', 40.00, 4.00, 21, 165, 'cuenta'),
(408, '2025-04-15 10:41:43', 1.00, 60.00, 41, 89, 'venta'),
(409, '2025-04-15 12:05:42', 1.00, 117.00, 85, 90, 'venta'),
(410, '2025-04-15 12:23:31', 2.00, 4.00, 20, 91, 'venta'),
(411, '2025-04-15 12:23:31', 2.00, 1.00, 92, 91, 'venta'),
(412, '2025-04-15 12:23:32', 1.00, 6.00, 6, 91, 'venta'),
(413, '2025-04-15 12:56:10', 100.00, 16.00, 74, 166, 'cuenta'),
(414, '2025-04-15 13:02:27', 1.00, 20.00, 72, 167, 'cuenta'),
(415, '2025-04-15 13:27:22', 1.00, 8.00, 40, 92, 'venta'),
(416, '2025-04-15 13:27:22', 2.00, 6.00, 31, 92, 'venta'),
(417, '2025-04-15 13:56:18', 1.00, 100.00, 30, 93, 'venta'),
(418, '2025-04-15 14:23:32', 1.00, 100.00, 30, 94, 'venta'),
(419, '2025-04-15 14:23:32', 4.00, 20.00, 34, 94, 'venta'),
(420, '2025-04-15 14:34:05', 1.00, 100.00, 30, 168, 'cuenta'),
(421, '2025-04-15 14:43:21', 4.00, 17.00, 73, 95, 'venta'),
(422, '2025-04-15 15:20:05', 8.00, 22.00, 73, 96, 'venta'),
(423, '2025-04-15 15:22:29', 1.00, 210.00, 50, 169, 'cuenta'),
(424, '2025-04-15 15:22:29', 10.00, 16.00, 15, 169, 'cuenta'),
(425, '2025-04-15 15:31:05', 1.00, 220.00, 50, 170, 'cuenta'),
(426, '2025-04-15 15:31:05', 10.00, 16.00, 15, 170, 'cuenta'),
(427, '2025-04-15 16:11:07', 2.00, 95.00, 37, 171, 'cuenta'),
(428, '2025-04-15 16:11:07', 20.00, 16.00, 15, 171, 'cuenta'),
(429, '2025-04-15 16:11:07', 2.00, 55.00, 39, 171, 'cuenta'),
(430, '2025-04-15 16:11:07', 2.00, 75.00, 8, 171, 'cuenta'),
(431, '2025-04-15 16:11:07', 5.00, 3.00, 93, 171, 'cuenta'),
(432, '2025-04-15 16:11:07', 1.56, 22.00, 24, 171, 'cuenta'),
(433, '2025-04-15 16:17:49', 50.00, 16.00, 15, 172, 'cuenta'),
(437, '2025-04-15 16:45:37', 1.00, 75.00, 8, 175, 'cuenta'),
(438, '2025-04-15 16:45:37', 5.00, 17.00, 73, 175, 'cuenta'),
(439, '2025-04-15 17:00:23', 7.00, 4.00, 20, 176, 'cuenta'),
(440, '2025-04-15 17:00:23', 10.00, 6.00, 31, 176, 'cuenta'),
(441, '2025-04-15 17:00:23', 10.00, 16.00, 73, 176, 'cuenta'),
(442, '2025-04-15 17:00:23', 5.00, 11.00, 71, 176, 'cuenta'),
(443, '2025-04-15 17:00:23', 1.00, 12.00, 38, 176, 'cuenta'),
(444, '2025-04-15 18:06:55', 2.00, 17.00, 73, 97, 'venta'),
(445, '2025-04-15 18:41:15', 2.00, 55.00, 39, 177, 'cuenta'),
(446, '2025-04-15 18:41:15', 10.00, 16.00, 15, 177, 'cuenta'),
(447, '2025-04-16 10:00:53', 1.00, 100.00, 30, 178, 'cuenta'),
(448, '2025-04-16 11:20:07', 40.00, 8.00, 90, 179, 'cuenta'),
(449, '2025-04-16 12:15:18', 10.00, 16.00, 15, 180, 'cuenta'),
(450, '2025-04-16 13:24:43', 2.00, 75.00, 8, 181, 'cuenta'),
(451, '2025-04-16 13:24:43', 3.00, 60.00, 41, 181, 'cuenta'),
(452, '2025-04-16 13:24:43', 2.00, 95.00, 37, 181, 'cuenta'),
(453, '2025-04-16 13:24:43', 2.00, 100.00, 30, 181, 'cuenta'),
(454, '2025-04-16 14:45:53', 10.00, 16.00, 15, 182, 'cuenta'),
(455, '2025-04-16 15:03:47', 1.00, 4.00, 10, 183, 'cuenta'),
(456, '2025-04-16 15:03:47', 1.00, 6.00, 31, 183, 'cuenta'),
(457, '2025-04-16 15:03:47', 1.00, 11.00, 71, 183, 'cuenta'),
(458, '2025-04-16 15:33:24', 30.00, 3.50, 94, 98, 'venta'),
(459, '2025-04-16 19:20:54', 1.00, 75.00, 8, 184, 'cuenta'),
(460, '2025-04-16 19:20:54', 3.34, 22.00, 24, 184, 'cuenta'),
(463, '2025-04-17 02:04:01', 1.00, 0.00, 95, 258, 'cuenta'),
(464, '2025-04-17 11:37:09', 2.94, 22.00, 24, 259, 'cuenta'),
(465, '2025-04-17 11:37:09', 4.00, 6.00, 31, 259, 'cuenta'),
(466, '2025-04-17 11:37:09', 8.00, 4.00, 20, 259, 'cuenta'),
(467, '2025-04-17 11:37:09', 2.88, 20.00, 34, 259, 'cuenta'),
(468, '2025-04-17 11:37:09', 1.00, 60.00, 41, 259, 'cuenta'),
(469, '2025-04-17 11:37:10', 3.00, 12.00, 38, 259, 'cuenta'),
(470, '2025-04-17 11:37:10', 1.00, 17.00, 58, 259, 'cuenta'),
(471, '2025-04-17 12:44:13', 10.00, 16.00, 74, 260, 'cuenta'),
(472, '2025-04-17 12:55:19', 1.00, 17.00, 73, 261, 'venta'),
(473, '2025-04-17 13:24:32', 4.00, 75.00, 8, 262, 'cuenta'),
(474, '2025-04-17 13:24:32', 2.00, 87.00, 85, 262, 'cuenta'),
(475, '2025-04-17 13:24:32', 1.00, 95.00, 37, 262, 'cuenta'),
(476, '2025-04-17 14:03:07', 3.00, 4.00, 20, 263, 'cuenta'),
(477, '2025-04-17 14:03:08', 1.00, 11.00, 71, 263, 'cuenta'),
(478, '2025-04-17 15:57:04', 1.00, 17.00, 73, 264, 'venta'),
(479, '2025-04-17 16:23:25', 1.00, 18.00, 9, 266, 'cuenta'),
(480, '2025-04-17 16:23:25', 1.00, 12.00, 38, 266, 'cuenta'),
(481, '2025-04-17 16:23:25', 1.00, 8.00, 40, 266, 'cuenta'),
(482, '2025-04-17 16:23:25', 1.00, 17.00, 73, 266, 'cuenta'),
(483, '2025-04-17 16:23:25', 3.00, 4.00, 20, 266, 'cuenta'),
(484, '2025-04-17 16:23:25', 1.00, 6.00, 31, 266, 'cuenta'),
(485, '2025-04-17 16:35:03', 1.50, 28.60, 24, 267, 'venta'),
(486, '2025-04-17 16:35:03', 1.00, 14.30, 71, 267, 'venta'),
(487, '2025-04-17 16:35:03', 5.00, 22.10, 15, 267, 'venta'),
(488, '2025-04-17 16:38:03', 1.00, 95.00, 85, 268, 'cuenta'),
(489, '2025-04-17 17:00:53', 1.00, 0.00, 95, 269, 'cuenta'),
(490, '2025-04-18 08:47:47', 30.00, 16.00, 74, 270, 'venta'),
(491, '2025-04-18 10:14:02', 3.00, 90.00, 85, 271, 'cuenta'),
(492, '2025-04-18 10:45:08', 1.00, 11.00, 71, 272, 'venta'),
(493, '2025-04-18 10:45:08', 2.00, 4.00, 10, 272, 'venta'),
(494, '2025-04-18 11:21:24', 5.00, 14.30, 71, 273, 'venta'),
(495, '2025-04-18 11:21:24', 5.00, 15.60, 38, 273, 'venta'),
(496, '2025-04-18 11:21:24', 1.00, 130.00, 30, 273, 'venta'),
(497, '2025-04-18 11:21:24', 2.00, 18.20, 35, 273, 'venta'),
(498, '2025-04-18 11:40:54', 2.00, 80.00, 96, 274, 'cuenta'),
(499, '2025-04-18 11:40:54', 1.00, 75.00, 8, 274, 'cuenta'),
(500, '2025-04-18 11:40:55', 1.00, 55.00, 39, 274, 'cuenta'),
(501, '2025-04-18 11:40:55', 3.00, 95.00, 85, 274, 'cuenta'),
(502, '2025-04-18 11:40:55', 1.80, 22.00, 24, 274, 'cuenta'),
(503, '2025-04-18 11:40:55', 10.00, 16.00, 15, 274, 'cuenta'),
(504, '2025-04-18 11:40:55', 1.00, 95.00, 37, 274, 'cuenta'),
(505, '2025-04-18 11:47:55', 1.00, 85.00, 48, 275, 'cuenta'),
(506, '2025-04-18 11:54:04', 2.00, 4.00, 10, 276, 'venta'),
(507, '2025-04-18 11:54:05', 1.00, 12.00, 38, 276, 'venta'),
(508, '2025-04-18 11:54:05', 1.00, 6.00, 31, 276, 'venta'),
(509, '2025-04-18 11:58:48', 2.00, 17.00, 73, 277, 'venta'),
(510, '2025-04-18 12:05:23', 10.00, 22.00, 73, 278, 'venta'),
(511, '2025-04-18 12:07:20', 1.00, 85.00, 48, 279, 'cuenta'),
(512, '2025-04-18 12:27:44', 1.00, 55.00, 39, 280, 'cuenta'),
(513, '2025-04-18 12:43:36', 1.00, 55.00, 39, 281, 'venta'),
(514, '2025-04-18 12:43:36', 4.00, 4.00, 20, 281, 'venta'),
(515, '2025-04-18 12:43:36', 1.00, 8.00, 75, 281, 'venta'),
(516, '2025-04-18 12:43:36', 1.00, 12.00, 38, 281, 'venta'),
(517, '2025-04-18 13:03:17', 2.36, 26.00, 34, 282, 'venta'),
(518, '2025-04-18 13:03:17', 1.00, 97.50, 8, 282, 'venta'),
(519, '2025-04-18 13:03:17', 1.00, 14.30, 71, 282, 'venta'),
(520, '2025-04-18 13:03:17', 7.00, 22.00, 73, 282, 'venta'),
(521, '2025-04-18 13:34:16', 2.00, 6.00, 31, 283, 'venta'),
(522, '2025-04-18 13:34:16', 1.00, 8.00, 42, 283, 'venta'),
(523, '2025-04-18 14:05:44', 1.00, 17.00, 73, 284, 'venta'),
(524, '2025-04-18 14:43:34', 6.00, 22.00, 73, 285, 'venta'),
(525, '2025-04-18 14:53:10', 2.00, 17.00, 73, 286, 'venta'),
(526, '2025-04-18 15:12:36', 3.00, 4.00, 20, 287, 'venta'),
(527, '2025-04-18 17:46:45', 1.00, 17.00, 74, 288, 'venta'),
(528, '2025-04-18 17:46:45', 1.00, 4.00, 20, 288, 'venta'),
(529, '2025-04-18 18:46:53', 1.00, 70.00, 43, 289, 'venta'),
(530, '2025-04-19 09:32:13', 4.00, 4.00, 20, 290, 'venta'),
(531, '2025-04-19 11:21:36', 1.00, 100.00, 30, 291, 'cuenta'),
(532, '2025-04-19 11:21:36', 3.00, 4.00, 20, 291, 'cuenta'),
(533, '2025-04-19 11:21:36', 3.00, 17.00, 73, 291, 'cuenta'),
(534, '2025-04-19 11:46:00', 3.00, 17.00, 73, 292, 'venta'),
(535, '2025-04-19 12:12:32', 1.00, 75.00, 43, 293, 'venta'),
(536, '2025-04-19 12:12:33', 2.00, 14.00, 35, 293, 'venta'),
(537, '2025-04-19 12:25:45', 3.00, 22.10, 15, 294, 'venta'),
(538, '2025-04-19 12:29:30', 3.00, 4.00, 20, 295, 'cuenta'),
(539, '2025-04-19 12:30:57', 1.00, 8.00, 42, 296, 'venta'),
(540, '2025-04-19 12:30:57', 2.00, 17.00, 73, 296, 'venta'),
(541, '2025-04-19 12:40:00', 1.00, 3.00, 77, 297, 'venta'),
(542, '2025-04-19 12:40:00', 1.00, 4.00, 20, 297, 'venta'),
(543, '2025-04-19 13:01:06', 2.00, 95.00, 37, 298, 'cuenta'),
(544, '2025-04-19 13:20:57', 1.00, 12.00, 38, 299, 'venta'),
(545, '2025-04-19 13:20:57', 1.00, 8.00, 75, 299, 'venta'),
(546, '2025-04-19 13:20:57', 2.00, 8.00, 40, 299, 'venta'),
(547, '2025-04-19 13:20:57', 3.00, 4.00, 20, 299, 'venta'),
(548, '2025-04-19 13:20:57', 1.00, 5.00, 89, 299, 'venta'),
(549, '2025-04-19 13:20:57', 1.00, 6.00, 4, 299, 'venta'),
(550, '2025-04-19 13:20:57', 1.00, 1.00, 92, 299, 'venta'),
(551, '2025-04-19 13:59:29', 1.00, 4.00, 20, 300, 'venta'),
(553, '2025-04-19 14:16:37', 7.00, 22.00, 73, 302, 'venta'),
(554, '2025-04-19 14:16:37', 1.84, 28.60, 24, 302, 'venta'),
(555, '2025-04-19 14:28:08', 1.00, 17.00, 73, 303, 'venta'),
(556, '2025-04-19 15:09:50', 2.00, 17.00, 73, 304, 'venta'),
(557, '2025-04-19 15:09:50', 2.00, 8.00, 40, 304, 'venta'),
(558, '2025-04-19 15:09:50', 1.00, 18.00, 9, 304, 'venta'),
(559, '2025-04-19 15:09:50', 2.00, 6.00, 4, 304, 'venta'),
(560, '2025-04-19 15:24:28', 2.00, 60.00, 41, 305, 'venta'),
(561, '2025-04-19 15:24:28', 2.00, 75.00, 43, 305, 'venta'),
(565, '2025-04-19 17:32:11', 1.00, 272.00, 33, 307, 'cuenta'),
(566, '2025-04-19 17:32:11', 4.00, 4.00, 27, 307, 'cuenta'),
(567, '2025-04-19 17:32:11', 1.00, 95.00, 37, 307, 'cuenta'),
(568, '2025-04-19 18:22:27', 2.00, 87.00, 85, 308, 'cuenta'),
(569, '2025-04-19 18:22:27', 2.00, 80.00, 96, 308, 'cuenta'),
(570, '2025-04-19 19:10:35', 1.00, 17.00, 73, 309, 'venta'),
(571, '2025-04-19 19:10:36', 2.00, 4.00, 20, 309, 'venta'),
(572, '2025-04-19 19:10:36', 1.00, 18.00, 9, 309, 'venta'),
(573, '2025-04-19 19:22:01', 1.00, 11.00, 71, 310, 'venta'),
(574, '2025-04-19 19:22:01', 1.00, 17.00, 73, 310, 'venta'),
(575, '2025-04-19 19:22:01', 1.00, 18.00, 9, 310, 'venta'),
(577, '2025-04-20 11:22:19', 1.00, 95.00, 85, 312, 'cuenta'),
(578, '2025-04-20 13:46:33', 1.00, 18.20, 35, 313, 'venta'),
(579, '2025-04-20 13:46:33', 1.00, 72.00, 39, 313, 'venta'),
(582, '2025-04-20 14:28:11', 1.00, 130.00, 30, 315, 'venta'),
(583, '2025-04-20 14:28:11', 1.00, 14.30, 71, 315, 'venta'),
(584, '2025-04-20 14:28:11', 7.00, 22.00, 73, 315, 'venta'),
(585, '2025-04-20 16:33:07', 2.00, 8.00, 75, 316, 'venta'),
(586, '2025-04-20 16:33:07', 1.00, 4.00, 10, 316, 'venta'),
(587, '2025-04-20 16:33:07', 1.00, 4.00, 20, 316, 'venta'),
(588, '2025-04-20 16:58:32', 1.00, 130.00, 30, 317, 'venta'),
(589, '2025-04-20 16:58:32', 6.00, 11.00, 71, 317, 'venta'),
(590, '2025-04-20 17:18:32', 2.00, 4.00, 20, 318, 'cuenta'),
(591, '2025-04-20 17:18:32', 2.00, 4.00, 10, 318, 'cuenta'),
(592, '2025-04-20 17:41:36', 4.00, 4.00, 20, 319, 'cuenta'),
(593, '2025-04-21 08:08:59', 2.00, 10.00, 56, 320, 'cuenta'),
(594, '2025-04-21 08:08:59', 2.00, 75.00, 8, 320, 'cuenta'),
(595, '2025-04-21 08:08:59', 2.00, 100.00, 30, 320, 'cuenta'),
(596, '2025-04-21 08:08:59', 1.00, 6.00, 6, 320, 'cuenta'),
(597, '2025-04-21 12:38:04', 1.00, 75.00, 8, 321, 'cuenta'),
(598, '2025-04-21 12:38:04', 1.00, 95.00, 85, 321, 'cuenta'),
(599, '2025-04-21 12:38:04', 3.00, 4.00, 64, 321, 'cuenta'),
(600, '2025-04-21 12:38:04', 4.00, 8.00, 75, 321, 'cuenta'),
(601, '2025-04-21 12:51:37', 2.00, 4.00, 20, 322, 'venta'),
(602, '2025-04-21 12:51:37', 1.00, 8.00, 75, 322, 'venta'),
(603, '2025-04-21 14:13:04', 0.18, 30.00, 84, 323, 'venta'),
(607, '2025-04-21 15:06:33', 5.00, 85.00, 85, 330, 'venta'),
(608, '2025-04-21 15:06:33', 5.00, 95.00, 30, 330, 'venta'),
(609, '2025-04-21 15:06:33', 24.00, 10.00, 71, 330, 'venta'),
(610, '2025-04-21 16:23:33', 20.00, 97.00, 30, 331, 'cuenta'),
(611, '2025-04-21 16:50:54', 1.00, 100.00, 30, 332, 'cuenta'),
(612, '2025-04-21 16:56:57', 1.00, 100.00, 30, 333, 'cuenta'),
(613, '2025-04-21 17:23:20', 3.00, 4.00, 20, 334, 'venta'),
(614, '2025-04-21 17:23:20', 2.00, 8.00, 40, 334, 'venta'),
(615, '2025-04-21 17:35:16', 1.84, 22.00, 24, 335, 'venta'),
(616, '2025-04-21 17:35:16', 2.58, 20.00, 34, 335, 'venta'),
(617, '2025-04-21 17:35:16', 1.00, 100.00, 30, 335, 'venta'),
(618, '2025-04-21 17:35:16', 1.00, 75.00, 8, 335, 'venta'),
(619, '2025-04-21 18:02:24', 1.00, 11.00, 71, 336, 'venta'),
(620, '2025-04-21 18:02:24', 2.00, 6.00, 31, 336, 'venta'),
(621, '2025-04-21 18:02:24', 0.28, 20.00, 13, 336, 'venta'),
(622, '2025-04-21 18:02:24', 0.18, 30.00, 84, 336, 'venta'),
(623, '2025-04-22 09:09:08', 5.24, 22.00, 24, 337, 'cuenta'),
(624, '2025-04-22 09:09:08', 1.00, 95.00, 85, 337, 'cuenta'),
(625, '2025-04-22 09:09:08', 6.00, 6.00, 31, 337, 'cuenta'),
(626, '2025-04-22 09:09:08', 1.00, 85.00, 48, 337, 'cuenta'),
(627, '2025-04-22 09:09:08', 2.00, 22.00, 26, 337, 'cuenta'),
(628, '2025-04-22 09:09:08', 5.12, 8.00, 90, 337, 'cuenta'),
(633, '2025-04-22 09:29:37', 2.00, 100.00, 30, 339, 'cuenta'),
(634, '2025-04-22 09:29:37', 2.00, 75.00, 8, 339, 'cuenta'),
(635, '2025-04-22 09:29:37', 1.00, 55.00, 39, 339, 'cuenta'),
(636, '2025-04-22 09:29:37', 2.00, 14.00, 35, 339, 'cuenta'),
(637, '2025-04-22 09:29:37', 1.00, 60.00, 91, 339, 'cuenta'),
(638, '2025-04-22 09:40:18', 1.00, 75.00, 8, 340, 'cuenta'),
(639, '2025-04-22 09:40:18', 1.00, 48.00, 67, 340, 'cuenta'),
(640, '2025-04-22 09:40:18', 1.00, 55.00, 39, 340, 'cuenta'),
(641, '2025-04-22 09:40:18', 2.00, 11.00, 71, 340, 'cuenta'),
(642, '2025-04-22 09:40:18', 1.00, 14.00, 35, 340, 'cuenta'),
(643, '2025-04-22 09:56:40', 4.00, 90.00, 76, 341, 'cuenta'),
(644, '2025-04-22 09:56:40', 4.00, 10.00, 71, 341, 'cuenta'),
(645, '2025-04-22 09:56:40', 5.00, 6.00, 4, 341, 'cuenta'),
(646, '2025-04-22 09:56:40', 1.00, 19.00, 7, 341, 'cuenta'),
(647, '2025-04-22 09:56:40', 2.00, 60.00, 41, 341, 'cuenta'),
(648, '2025-04-22 09:56:40', 4.00, 15.00, 79, 341, 'cuenta'),
(649, '2025-04-22 11:17:54', 2.00, 100.00, 30, 342, 'cuenta'),
(650, '2025-04-22 11:29:35', 1.00, 95.00, 85, 343, 'cuenta'),
(651, '2025-04-22 11:29:36', 1.00, 100.00, 30, 343, 'cuenta'),
(652, '2025-04-22 11:29:36', 1.00, 11.00, 71, 343, 'cuenta'),
(653, '2025-04-22 11:29:36', 1.00, 10.00, 56, 343, 'cuenta'),
(654, '2025-04-22 11:29:36', 1.62, 22.00, 24, 343, 'cuenta'),
(655, '2025-04-22 11:29:36', 1.00, 75.00, 43, 343, 'cuenta'),
(656, '2025-04-22 11:38:14', 2.00, 60.00, 41, 344, 'cuenta'),
(657, '2025-04-22 11:44:11', 1.00, 6.00, 31, 345, 'venta'),
(658, '2025-04-22 11:44:11', 1.00, 4.00, 10, 345, 'venta'),
(659, '2025-04-22 11:48:42', 1.00, 8.00, 42, 346, 'cuenta'),
(660, '2025-04-22 11:48:42', 6.00, 4.00, 20, 346, 'cuenta'),
(661, '2025-04-22 11:48:42', 1.00, 6.00, 31, 346, 'cuenta'),
(662, '2025-04-22 11:48:42', 0.26, 20.00, 13, 346, 'cuenta'),
(663, '2025-04-22 11:48:42', 1.00, 18.00, 9, 346, 'cuenta'),
(664, '2025-04-22 11:52:52', 2.00, 8.00, 42, 347, 'venta'),
(665, '2025-04-22 11:52:52', 1.00, 4.00, 20, 347, 'venta'),
(666, '2025-04-22 11:52:52', 1.00, 6.00, 4, 347, 'venta'),
(667, '2025-04-22 12:35:00', 2.00, 117.00, 85, 348, 'cuenta'),
(670, '2025-04-22 13:37:09', 1.00, 220.00, 50, 350, 'cuenta'),
(671, '2025-04-22 14:09:35', 1.00, 55.00, 39, 351, 'venta'),
(672, '2025-04-22 14:16:47', 2.00, 28.60, 26, 352, 'venta'),
(673, '2025-04-22 16:02:32', 3.00, 75.00, 8, 353, 'cuenta'),
(674, '2025-04-22 16:02:32', 1.00, 75.00, 43, 353, 'cuenta'),
(675, '2025-04-22 16:02:33', 3.00, 97.00, 37, 353, 'cuenta'),
(676, '2025-04-22 16:02:33', 3.00, 17.00, 58, 353, 'cuenta'),
(677, '2025-04-22 16:02:33', 1.00, 20.00, 2, 353, 'cuenta'),
(678, '2025-04-22 16:02:33', 5.00, 100.00, 30, 353, 'cuenta'),
(679, '2025-04-22 16:24:29', 1.00, 75.00, 8, 354, 'cuenta'),
(680, '2025-04-22 16:24:29', 2.00, 11.00, 71, 354, 'cuenta'),
(681, '2025-04-22 16:24:29', 1.80, 22.00, 24, 354, 'cuenta'),
(682, '2025-04-22 16:48:31', 20.00, 4.00, 22, 355, 'venta'),
(683, '2025-04-22 17:13:53', 1.00, 4.00, 10, 356, 'venta'),
(684, '2025-04-22 17:13:53', 2.00, 4.00, 20, 356, 'venta'),
(685, '2025-04-22 19:27:33', 1.00, 17.00, 73, 357, 'venta'),
(686, '2025-04-23 08:29:04', 5.00, 17.00, 73, 358, 'cuenta'),
(687, '2025-04-23 08:29:04', 5.00, 8.00, 90, 358, 'cuenta'),
(688, '2025-04-23 08:36:01', 2.00, 55.00, 39, 359, 'cuenta'),
(689, '2025-04-23 08:36:01', 1.00, 75.00, 8, 359, 'cuenta'),
(690, '2025-04-23 08:36:01', 1.00, 95.00, 37, 359, 'cuenta'),
(691, '2025-04-23 08:36:01', 12.00, 10.00, 71, 359, 'cuenta'),
(692, '2025-04-23 08:36:01', 2.00, 87.00, 85, 359, 'cuenta'),
(693, '2025-04-23 08:41:19', 20.00, 16.00, 73, 360, 'cuenta'),
(694, '2025-04-23 08:41:19', 1.00, 48.00, 67, 360, 'cuenta'),
(695, '2025-04-23 08:41:19', 1.00, 100.00, 30, 360, 'cuenta'),
(696, '2025-04-23 08:50:23', 1.00, 75.00, 43, 361, 'cuenta'),
(697, '2025-04-23 08:54:39', 3.00, 75.00, 8, 362, 'cuenta'),
(698, '2025-04-23 08:54:39', 3.00, 75.00, 43, 362, 'cuenta'),
(699, '2025-04-23 08:54:39', 2.00, 95.00, 37, 362, 'cuenta'),
(700, '2025-04-23 09:11:04', 1.00, 17.00, 73, 363, 'venta'),
(701, '2025-04-23 09:40:05', 2.00, 55.00, 39, 364, 'venta'),
(702, '2025-04-23 12:08:09', 10.00, 4.00, 20, 367, 'venta'),
(703, '2025-04-23 12:08:09', 1.00, 100.00, 30, 367, 'venta'),
(704, '2025-04-23 12:08:09', 4.00, 17.00, 73, 367, 'venta'),
(705, '2025-04-23 12:42:24', 8.00, 100.00, 30, 368, 'venta'),
(706, '2025-04-23 12:42:24', 3.00, 55.00, 39, 368, 'venta'),
(707, '2025-04-23 13:47:18', 1.00, 102.00, 96, 369, 'venta'),
(708, '2025-04-23 14:44:28', 2.00, 87.00, 85, 370, 'cuenta'),
(709, '2025-04-23 14:44:28', 20.00, 16.00, 73, 370, 'cuenta'),
(710, '2025-04-23 14:44:28', 1.00, 75.00, 8, 370, 'cuenta'),
(711, '2025-04-23 14:44:28', 3.00, 55.00, 39, 370, 'cuenta'),
(712, '2025-04-23 14:44:29', 1.00, 20.00, 72, 370, 'cuenta'),
(713, '2025-04-23 14:44:29', 4.00, 6.00, 6, 370, 'cuenta'),
(714, '2025-04-23 14:44:29', 1.72, 22.00, 24, 370, 'cuenta'),
(715, '2025-04-23 14:52:11', 1.00, 17.00, 73, 371, 'venta'),
(716, '2025-04-23 15:27:20', 2.00, 6.00, 31, 372, 'venta'),
(717, '2025-04-23 15:27:20', 1.00, 8.00, 40, 372, 'venta'),
(719, '2025-04-23 15:40:39', 12.00, 6.00, 31, 373, 'venta'),
(720, '2025-04-23 15:40:39', 3.00, 2.00, 12, 373, 'venta'),
(721, '2025-04-23 15:40:39', 1.00, 14.30, 71, 373, 'venta'),
(722, '2025-04-23 16:03:53', 5.00, 55.00, 39, 374, 'venta'),
(723, '2025-04-23 16:03:53', 2.00, 11.00, 71, 374, 'venta'),
(724, '2025-04-23 17:08:44', 2.00, 17.00, 15, 373, 'venta'),
(725, '2025-04-23 17:18:33', 10.00, 22.00, 73, 375, 'venta'),
(726, '2025-04-23 17:35:34', 5.00, 22.00, 73, 376, 'venta'),
(727, '2025-04-23 18:57:09', 1.00, 75.00, 43, 377, 'venta'),
(728, '2025-04-23 19:15:06', 4.00, 11.00, 71, 378, 'venta'),
(729, '2025-04-23 19:15:06', 1.00, 4.00, 27, 378, 'venta'),
(730, '2025-04-24 08:12:46', 20.00, 70.00, 8, 379, 'cuenta'),
(731, '2025-04-24 08:19:24', 1.00, 17.00, 15, 380, 'venta'),
(732, '2025-04-24 08:19:24', 1.00, 11.00, 71, 380, 'venta'),
(733, '2025-04-24 09:18:05', 1.00, 97.50, 43, 381, 'cuenta'),
(734, '2025-04-24 09:18:06', 2.00, 130.00, 30, 381, 'cuenta'),
(735, '2025-04-24 09:44:31', 1.00, 75.00, 43, 382, 'venta'),
(736, '2025-04-24 09:44:31', 1.00, 17.00, 73, 382, 'venta'),
(737, '2025-04-24 09:44:31', 5.00, 4.00, 20, 382, 'venta'),
(738, '2025-04-24 09:44:31', 2.00, 6.00, 31, 382, 'venta'),
(739, '2025-04-24 09:44:31', 5.00, 4.00, 27, 382, 'venta'),
(740, '2025-04-24 09:44:31', 1.00, 12.00, 38, 382, 'venta'),
(741, '2025-04-24 09:54:50', 1.00, 12.00, 38, 383, 'venta'),
(742, '2025-04-24 09:54:50', 3.00, 4.00, 20, 383, 'venta'),
(743, '2025-04-24 09:54:50', 1.00, 11.00, 71, 383, 'venta'),
(744, '2025-04-24 09:59:13', 1.00, 17.00, 73, 384, 'venta'),
(745, '2025-04-24 10:29:30', 1.00, 75.00, 43, 385, 'cuenta'),
(746, '2025-04-24 11:22:01', 20.00, 97.00, 30, 386, 'cuenta'),
(747, '2025-04-24 11:32:42', 1.70, 22.00, 24, 387, 'venta'),
(748, '2025-04-24 11:32:42', 2.84, 21.00, 34, 387, 'venta'),
(749, '2025-04-24 11:32:42', 3.00, 6.00, 31, 387, 'venta'),
(750, '2025-04-24 11:32:42', 1.00, 17.00, 15, 387, 'venta'),
(751, '2025-04-24 11:32:42', 1.00, 13.00, 71, 387, 'venta'),
(752, '2025-04-24 11:32:42', 1.00, 18.00, 9, 387, 'venta'),
(753, '2025-04-24 11:32:42', 1.00, 12.00, 38, 387, 'venta'),
(754, '2025-04-24 11:32:42', 1.00, 11.00, 56, 387, 'venta'),
(755, '2025-04-24 11:32:42', 1.00, 18.20, 35, 387, 'venta'),
(756, '2025-04-24 12:24:34', 1.00, 6.00, 31, 388, 'venta'),
(757, '2025-04-24 12:24:34', 1.00, 11.00, 71, 388, 'venta'),
(758, '2025-04-24 12:24:34', 1.00, 4.00, 20, 388, 'venta'),
(759, '2025-04-24 12:24:34', 1.00, 17.00, 73, 388, 'venta'),
(760, '2025-04-24 12:24:34', 1.00, 12.00, 38, 388, 'venta'),
(761, '2025-04-24 13:24:26', 1.00, 17.00, 73, 389, 'cuenta'),
(762, '2025-04-24 13:24:26', 1.00, 4.00, 20, 389, 'cuenta'),
(763, '2025-04-24 13:31:27', 60.00, 16.00, 15, 390, 'cuenta'),
(764, '2025-04-24 13:31:27', 12.00, 25.00, 28, 390, 'cuenta'),
(765, '2025-04-24 13:39:15', 1.76, 22.00, 24, 391, 'cuenta'),
(766, '2025-04-24 13:42:58', 10.00, 22.00, 73, 392, 'venta'),
(767, '2025-04-24 13:48:37', 1.00, 8.00, 75, 393, 'venta'),
(768, '2025-04-24 13:48:37', 1.00, 8.00, 42, 393, 'venta'),
(769, '2025-04-24 13:55:08', 6.00, 22.00, 73, 394, 'venta'),
(770, '2025-04-24 13:59:00', 9.52, 20.00, 34, 395, 'venta'),
(771, '2025-04-24 13:59:01', 4.00, 10.00, 56, 395, 'venta'),
(772, '2025-04-24 13:59:01', 1.60, 27.00, 45, 395, 'venta'),
(773, '2025-04-24 13:59:01', 1.00, 85.00, 48, 395, 'venta'),
(774, '2025-04-24 13:59:01', 1.00, 48.00, 67, 395, 'venta'),
(775, '2025-04-24 13:59:01', 2.00, 11.00, 71, 395, 'venta'),
(776, '2025-04-24 13:59:01', 10.00, 6.00, 31, 395, 'venta'),
(777, '2025-04-24 14:00:11', 1.00, 4.00, 20, 396, 'venta'),
(778, '2025-04-24 15:09:21', 1.00, 4.00, 10, 397, 'venta'),
(779, '2025-04-24 16:29:49', 1.00, 8.00, 40, 398, 'venta'),
(780, '2025-04-24 16:59:54', 1.80, 22.00, 24, 399, 'venta'),
(781, '2025-04-24 16:59:54', 12.00, 6.00, 31, 399, 'venta'),
(782, '2025-04-24 16:59:54', 1.00, 60.00, 91, 399, 'venta'),
(783, '2025-04-24 16:59:54', 2.00, 20.00, 2, 399, 'venta'),
(784, '2025-04-24 17:08:24', 0.84, 8.00, 90, 400, 'cuenta'),
(785, '2025-04-24 17:08:25', 4.00, 4.00, 20, 400, 'cuenta'),
(786, '2025-04-24 17:08:25', 1.00, 6.00, 31, 400, 'cuenta'),
(787, '2025-04-24 17:49:51', 1.00, 8.00, 42, 401, 'venta'),
(788, '2025-04-24 17:49:51', 1.00, 17.00, 73, 401, 'venta'),
(789, '2025-04-24 18:10:04', 0.18, 30.00, 84, 402, 'cuenta'),
(790, '2025-04-24 18:10:04', 0.10, 20.00, 13, 402, 'cuenta'),
(791, '2025-04-25 09:49:33', 3.00, 90.00, 85, 403, 'cuenta'),
(792, '2025-04-25 09:49:33', 2.00, 14.00, 35, 403, 'cuenta'),
(793, '2025-04-25 09:49:33', 10.00, 16.00, 15, 403, 'cuenta'),
(794, '2025-04-25 09:49:33', 10.00, 16.00, 73, 403, 'cuenta'),
(795, '2025-04-25 09:49:33', 3.00, 78.00, 86, 403, 'cuenta'),
(796, '2025-04-25 09:49:33', 1.00, 80.00, 96, 403, 'cuenta'),
(797, '2025-04-25 09:49:33', 2.00, 11.00, 71, 403, 'cuenta'),
(798, '2025-04-25 09:49:34', 2.00, 6.00, 6, 403, 'cuenta'),
(799, '2025-04-25 09:49:34', 2.00, 100.00, 30, 403, 'cuenta'),
(800, '2025-04-25 09:49:34', 1.00, 10.00, 56, 403, 'cuenta'),
(801, '2025-04-25 09:49:34', 1.00, 85.00, 48, 403, 'cuenta'),
(802, '2025-04-25 09:51:22', 10.00, 16.00, 15, 404, 'cuenta'),
(803, '2025-04-25 09:51:22', 2.00, 100.00, 30, 404, 'cuenta'),
(804, '2025-04-25 09:51:22', 12.00, 10.00, 71, 404, 'cuenta'),
(805, '2025-04-25 09:56:48', 4.00, 25.00, 28, 405, 'cuenta'),
(806, '2025-04-25 09:57:43', 1.00, 8.00, 75, 406, 'venta'),
(807, '2025-04-25 09:57:44', 1.00, 17.00, 73, 406, 'venta'),
(808, '2025-04-25 09:57:44', 3.00, 4.00, 20, 406, 'venta'),
(809, '2025-04-25 10:01:41', 12.00, 20.00, 2, 407, 'cuenta'),
(810, '2025-04-25 12:05:34', 1.00, 100.00, 30, 408, 'venta'),
(811, '2025-04-25 12:05:34', 1.00, 75.00, 8, 408, 'venta'),
(812, '2025-04-25 12:05:35', 1.00, 25.00, 28, 408, 'venta'),
(813, '2025-04-25 12:05:35', 1.00, 6.00, 6, 408, 'venta'),
(814, '2025-04-25 12:06:38', 1.00, 75.00, 8, 409, 'cuenta'),
(815, '2025-04-25 12:52:37', 1.00, 8.00, 40, 410, 'venta'),
(816, '2025-04-25 12:52:37', 2.00, 4.00, 10, 410, 'venta'),
(817, '2025-04-25 12:52:37', 1.00, 4.00, 20, 410, 'venta'),
(818, '2025-04-25 12:58:34', 1.00, 85.00, 48, 411, 'cuenta'),
(819, '2025-04-25 14:17:29', 4.00, 17.00, 73, 412, 'cuenta'),
(820, '2025-04-25 14:18:17', 2.00, 17.00, 73, 413, 'venta'),
(821, '2025-04-25 14:37:20', 1.00, 18.00, 9, 414, 'cuenta'),
(822, '2025-04-25 14:37:20', 1.00, 11.00, 71, 414, 'cuenta'),
(823, '2025-04-25 14:37:20', 3.00, 17.00, 73, 414, 'cuenta'),
(824, '2025-04-25 14:37:20', 1.00, 12.00, 38, 414, 'cuenta'),
(825, '2025-04-25 14:37:21', 6.00, 4.00, 20, 414, 'cuenta'),
(826, '2025-04-25 14:37:21', 2.00, 6.00, 31, 414, 'cuenta'),
(827, '2025-04-25 14:54:50', 5.00, 6.00, 31, 415, 'venta'),
(828, '2025-04-25 15:08:15', 1.76, 22.00, 24, 416, 'venta'),
(829, '2025-04-25 15:08:15', 1.00, 17.00, 73, 416, 'venta'),
(830, '2025-04-25 15:31:45', 1.00, 6.00, 31, 417, 'venta'),
(831, '2025-04-25 15:31:45', 1.00, 8.00, 44, 417, 'venta'),
(832, '2025-04-25 16:41:44', 20.00, 16.00, 15, 418, 'cuenta'),
(833, '2025-04-25 16:41:44', 2.00, 90.00, 85, 418, 'cuenta'),
(834, '2025-04-25 16:41:44', 2.00, 11.00, 71, 418, 'cuenta'),
(835, '2025-04-25 16:41:44', 2.00, 10.00, 56, 418, 'cuenta'),
(836, '2025-04-25 16:41:44', 1.00, 95.00, 37, 418, 'cuenta'),
(837, '2025-04-25 16:41:44', 3.48, 22.00, 24, 418, 'cuenta'),
(838, '2025-04-25 16:41:44', 1.00, 75.00, 8, 418, 'cuenta'),
(839, '2025-04-25 16:41:44', 3.00, 4.00, 64, 418, 'cuenta'),
(840, '2025-04-25 16:57:29', 2.00, 95.00, 37, 419, 'cuenta'),
(841, '2025-04-25 16:57:29', 1.00, 80.00, 96, 419, 'cuenta'),
(842, '2025-04-25 16:57:30', 12.00, 10.00, 71, 419, 'cuenta'),
(843, '2025-04-25 17:04:04', 100.00, 15.00, 73, 420, 'cuenta'),
(844, '2025-04-25 18:34:01', 1.00, 4.00, 10, 421, 'venta'),
(845, '2025-04-25 18:34:01', 1.00, 4.00, 20, 421, 'venta'),
(846, '2025-04-25 19:18:48', 2.00, 17.00, 73, 422, 'venta'),
(847, '2025-04-25 19:40:58', 3.00, 55.00, 41, 423, 'cuenta'),
(848, '2025-04-26 11:15:55', 1.00, 17.00, 73, 424, 'venta'),
(849, '2025-04-26 11:15:55', 2.00, 4.00, 20, 424, 'venta'),
(850, '2025-04-26 11:15:55', 1.00, 6.00, 31, 424, 'venta'),
(851, '2025-04-26 11:31:02', 4.00, 17.00, 73, 425, 'venta'),
(852, '2025-04-26 12:00:21', 10.00, 16.00, 15, 426, 'cuenta'),
(853, '2025-04-26 12:00:21', 1.00, 95.00, 37, 426, 'cuenta'),
(854, '2025-04-26 12:43:02', 3.00, 11.00, 71, 427, 'venta'),
(855, '2025-04-26 12:44:17', 1.00, 6.00, 31, 428, 'venta'),
(856, '2025-04-26 12:44:17', 1.00, 8.00, 36, 428, 'venta'),
(857, '2025-04-26 12:49:15', 1.00, 4.00, 20, 429, 'venta'),
(858, '2025-04-26 12:49:15', 1.00, 8.00, 44, 429, 'venta'),
(859, '2025-04-26 13:13:11', 1.00, 17.00, 73, 430, 'cuenta'),
(860, '2025-04-26 13:13:11', 1.00, 12.00, 38, 430, 'cuenta'),
(861, '2025-04-26 13:13:11', 1.00, 8.00, 75, 430, 'cuenta'),
(862, '2025-04-26 13:13:11', 1.00, 6.00, 31, 430, 'cuenta'),
(863, '2025-04-26 13:13:11', 3.00, 4.00, 20, 430, 'cuenta'),
(864, '2025-04-26 13:13:11', 0.18, 30.00, 84, 430, 'cuenta'),
(866, '2025-04-26 14:12:21', 2.00, 4.00, 20, 432, 'venta'),
(867, '2025-04-26 14:16:23', 10.00, 16.00, 15, 433, 'cuenta'),
(868, '2025-04-26 14:20:31', 1.00, 12.00, 38, 434, 'venta'),
(869, '2025-04-26 14:20:32', 1.00, 8.00, 44, 434, 'venta'),
(870, '2025-04-26 14:30:18', 1.00, 4.00, 20, 435, 'venta'),
(871, '2025-04-26 14:30:18', 1.00, 1.00, 92, 435, 'venta'),
(872, '2025-04-26 15:42:38', 1.00, 17.00, 73, 436, 'venta'),
(873, '2025-04-26 15:42:38', 2.00, 4.00, 20, 436, 'venta'),
(874, '2025-04-26 15:42:38', 1.00, 6.00, 31, 436, 'venta'),
(875, '2025-04-26 15:51:49', 2.00, 17.00, 73, 437, 'venta'),
(876, '2025-04-26 15:51:49', 2.00, 8.00, 40, 437, 'venta'),
(877, '2025-04-26 15:51:49', 1.00, 18.00, 9, 437, 'venta'),
(878, '2025-04-26 16:22:14', 4.00, 90.00, 85, 438, 'cuenta'),
(879, '2025-04-26 17:24:53', 1.00, 17.00, 73, 439, 'cuenta'),
(880, '2025-04-26 17:24:53', 2.00, 6.00, 31, 439, 'cuenta'),
(881, '2025-04-26 17:24:53', 0.18, 30.00, 84, 439, 'cuenta'),
(882, '2025-04-26 17:24:53', 0.16, 20.00, 13, 439, 'cuenta'),
(883, '2025-04-26 19:50:34', 1.00, 17.00, 73, 440, 'venta'),
(884, '2025-04-27 10:14:45', 1.00, 17.00, 73, 441, 'venta'),
(885, '2025-04-27 11:34:41', 2.00, 4.00, 20, 442, 'venta'),
(886, '2025-04-27 11:34:41', 1.00, 8.00, 40, 442, 'venta'),
(887, '2025-04-27 11:37:33', 5.00, 4.00, 20, 443, 'venta'),
(888, '2025-04-27 11:44:23', 10.00, 16.00, 15, 444, 'cuenta'),
(889, '2025-04-27 11:50:18', 3.00, 17.00, 73, 445, 'venta'),
(890, '2025-04-27 11:52:21', 1.00, 75.00, 43, 446, 'cuenta'),
(891, '2025-04-27 11:54:32', 1.00, 17.00, 73, 447, 'venta'),
(892, '2025-04-27 11:59:20', 7.04, 22.00, 24, 448, 'venta'),
(893, '2025-04-27 11:59:20', 2.00, 8.00, 42, 448, 'venta'),
(894, '2025-04-27 11:59:20', 1.00, 15.00, 87, 448, 'venta'),
(895, '2025-04-27 11:59:20', 1.00, 27.00, 45, 448, 'venta'),
(896, '2025-04-27 12:21:20', 7.00, 22.00, 73, 449, 'venta'),
(897, '2025-04-27 12:49:16', 6.36, 8.00, 90, 450, 'cuenta'),
(898, '2025-04-27 12:49:16', 1.00, 75.00, 8, 450, 'cuenta'),
(899, '2025-04-27 12:49:16', 2.00, 87.00, 85, 450, 'cuenta'),
(900, '2025-04-27 12:49:16', 10.00, 16.00, 15, 450, 'cuenta'),
(901, '2025-04-27 13:41:29', 1.00, 75.00, 8, 451, 'venta'),
(902, '2025-04-27 13:41:29', 1.00, 55.00, 39, 451, 'venta'),
(903, '2025-04-27 13:41:29', 2.00, 17.00, 73, 451, 'venta'),
(904, '2025-04-27 13:41:29', 1.00, 11.00, 71, 451, 'venta'),
(905, '2025-04-27 13:41:29', 3.00, 4.00, 20, 451, 'venta'),
(906, '2025-04-27 14:44:10', 2.00, 60.00, 96, 452, 'cuenta'),
(907, '2025-04-27 14:44:10', 1.00, 95.00, 37, 452, 'cuenta'),
(908, '2025-04-27 14:44:10', 2.00, 17.00, 73, 452, 'cuenta'),
(909, '2025-04-27 14:44:10', 1.00, 90.00, 85, 452, 'cuenta'),
(910, '2025-04-27 14:44:11', 2.00, 14.00, 35, 452, 'cuenta'),
(911, '2025-04-27 14:44:11', 3.50, 22.00, 24, 452, 'cuenta'),
(912, '2025-04-27 14:44:11', 3.48, 20.00, 34, 452, 'cuenta'),
(913, '2025-04-27 14:44:11', 1.00, 11.00, 71, 452, 'cuenta'),
(914, '2025-04-27 14:44:11', 1.00, 75.00, 8, 452, 'cuenta'),
(915, '2025-04-27 14:44:11', 3.00, 6.00, 31, 452, 'cuenta'),
(916, '2025-04-27 14:44:11', 1.00, 10.00, 56, 452, 'cuenta'),
(917, '2025-04-27 14:44:12', 1.00, 55.00, 39, 452, 'cuenta'),
(918, '2025-04-27 15:41:47', 2.00, 4.00, 20, 453, 'venta'),
(919, '2025-04-27 15:41:47', 2.00, 17.00, 73, 453, 'venta'),
(920, '2025-04-27 16:50:40', 1.00, 4.00, 20, 454, 'venta'),
(921, '2025-04-27 16:50:40', 1.00, 4.00, 10, 454, 'venta'),
(922, '2025-04-27 19:03:49', 1.00, 6.00, 31, 455, 'venta'),
(923, '2025-04-27 20:04:46', 1.00, 17.00, 73, 456, 'venta'),
(924, '2025-04-27 20:04:46', 1.00, 4.00, 20, 456, 'venta'),
(925, '2025-04-28 09:26:21', 1.00, 17.00, 15, 457, 'venta'),
(926, '2025-04-28 09:59:41', 3.00, 123.50, 37, 458, 'cuenta'),
(927, '2025-04-28 09:59:41', 1.00, 9.10, 6, 458, 'cuenta'),
(928, '2025-04-28 10:05:52', 1.00, 4.00, 20, 459, 'venta'),
(929, '2025-04-28 10:09:26', 1.00, 12.00, 38, 460, 'venta'),
(930, '2025-04-28 11:24:59', 1.00, 97.00, 37, 461, 'venta'),
(931, '2025-04-28 11:25:00', 2.00, 100.00, 30, 461, 'venta'),
(932, '2025-04-28 11:25:00', 2.00, 55.00, 39, 461, 'venta'),
(933, '2025-04-28 11:25:00', 4.00, 11.00, 71, 461, 'venta'),
(934, '2025-04-28 12:34:50', 1.00, 75.00, 8, 462, 'cuenta'),
(935, '2025-04-28 12:34:51', 2.00, 55.00, 39, 462, 'cuenta'),
(936, '2025-04-28 12:34:51', 1.00, 97.00, 37, 462, 'cuenta'),
(937, '2025-04-28 12:34:51', 5.00, 11.00, 71, 462, 'cuenta'),
(938, '2025-04-28 12:34:51', 1.00, 80.00, 96, 462, 'cuenta'),
(939, '2025-04-28 12:34:51', 10.00, 16.00, 15, 462, 'cuenta'),
(940, '2025-04-28 12:34:51', 5.00, 6.00, 4, 462, 'cuenta'),
(941, '2025-04-28 14:11:13', 1.84, 30.00, 84, 463, 'venta'),
(942, '2025-04-28 14:11:13', 0.26, 20.00, 13, 463, 'venta'),
(943, '2025-04-28 14:49:35', 2.00, 17.00, 73, 464, 'venta'),
(944, '2025-04-28 14:49:35', 1.00, 4.00, 20, 464, 'venta'),
(945, '2025-04-28 14:49:35', 1.00, 6.00, 31, 464, 'venta'),
(946, '2025-04-28 14:49:35', 5.00, 4.00, 64, 464, 'venta'),
(947, '2025-04-28 14:49:35', 1.00, 8.00, 75, 464, 'venta'),
(948, '2025-04-28 14:49:35', 1.00, 6.00, 4, 464, 'venta'),
(949, '2025-04-28 14:59:41', 1.00, 10.00, 56, 465, 'venta'),
(950, '2025-04-28 14:59:41', 1.00, 4.00, 10, 465, 'venta'),
(951, '2025-04-28 14:59:41', 2.00, 6.00, 31, 465, 'venta'),
(952, '2025-04-28 14:59:41', 1.00, 4.00, 20, 465, 'venta'),
(953, '2025-04-28 14:59:41', 1.00, 17.00, 73, 465, 'venta'),
(954, '2025-04-28 20:38:03', 1.00, 18.00, 9, 466, 'venta');
INSERT INTO `productos_vendidos` (`id`, `fecha`, `cantidad`, `precio`, `idProducto`, `idReferencia`, `tipo`) VALUES
(955, '2025-04-28 20:38:03', 1.00, 4.00, 20, 466, 'venta'),
(956, '2025-04-28 20:38:03', 1.00, 17.00, 73, 466, 'venta'),
(957, '2025-04-29 08:18:37', 25.00, 16.00, 15, 467, 'cuenta'),
(958, '2025-04-29 08:18:37', 2.00, 75.00, 8, 467, 'cuenta'),
(959, '2025-04-29 08:18:37', 2.00, 100.00, 30, 467, 'cuenta'),
(960, '2025-04-29 08:18:37', 1.00, 90.00, 85, 467, 'cuenta'),
(961, '2025-04-29 08:18:37', 15.00, 4.00, 20, 467, 'cuenta'),
(962, '2025-04-29 08:18:37', 1.00, 95.00, 37, 467, 'cuenta'),
(963, '2025-04-29 08:18:37', 1.00, 78.00, 86, 467, 'cuenta'),
(964, '2025-04-29 08:18:37', 3.00, 11.00, 71, 467, 'cuenta'),
(965, '2025-04-29 08:18:37', 1.00, 10.00, 56, 467, 'cuenta'),
(966, '2025-04-29 08:18:37', 7.00, 4.00, 80, 467, 'cuenta'),
(967, '2025-04-29 08:43:53', 1.00, 75.00, 43, 468, 'cuenta'),
(968, '2025-04-29 08:43:53', 2.00, 15.00, 53, 468, 'cuenta'),
(969, '2025-04-29 08:43:53', 5.00, 12.00, 38, 468, 'cuenta'),
(970, '2025-04-29 08:43:53', 1.00, 10.00, 56, 468, 'cuenta'),
(971, '2025-04-29 08:43:53', 6.00, 15.00, 79, 468, 'cuenta'),
(972, '2025-04-29 09:23:20', 2.00, 90.00, 85, 469, 'cuenta'),
(973, '2025-04-29 09:27:47', 1.00, 12.00, 38, 470, 'venta'),
(974, '2025-04-29 09:27:48', 3.00, 4.00, 20, 470, 'venta'),
(975, '2025-04-29 09:34:04', 1.00, 60.00, 41, 471, 'cuenta'),
(976, '2025-04-29 09:34:04', 24.00, 17.00, 58, 471, 'cuenta'),
(977, '2025-04-29 09:34:04', 4.00, 97.00, 37, 471, 'cuenta'),
(978, '2025-04-29 09:34:04', 3.00, 20.00, 2, 471, 'cuenta'),
(979, '2025-04-29 09:34:04', 2.00, 80.00, 63, 471, 'cuenta'),
(980, '2025-04-29 09:34:04', 2.00, 20.00, 72, 471, 'cuenta'),
(981, '2025-04-29 09:42:47', 1.00, 60.00, 41, 472, 'venta'),
(982, '2025-04-29 09:50:10', 10.00, 16.00, 15, 473, 'cuenta'),
(983, '2025-04-29 10:10:02', 100.00, 16.00, 15, 474, 'cuenta');

-- --------------------------------------------------------

--
-- Estructura de tabla para la tabla `proveedores`
--

CREATE TABLE `proveedores` (
  `id` bigint UNSIGNED NOT NULL,
  `nombre` varchar(50) COLLATE utf8mb4_general_ci NOT NULL,
  `telefono` varchar(20) COLLATE utf8mb4_general_ci NOT NULL,
  `rif` varchar(30) COLLATE utf8mb4_general_ci NOT NULL,
  `direccion` varchar(255) COLLATE utf8mb4_general_ci NOT NULL
) ENGINE=InnoDB DEFAULT CHARSET=utf8mb4 COLLATE=utf8mb4_general_ci;

--
-- Volcado de datos para la tabla `proveedores`
--

INSERT INTO `proveedores` (`id`, `nombre`, `telefono`, `rif`, `direccion`) VALUES
(9, 'FOOD PRIME', '4244090054', '000000000', 'Valencia'),
(10, 'ALIMENTOS MONTE VERDE, C.A.', '00000000', '312201835', 'Valencia, Carabobo '),
(11, 'PESCADERÍA DARIMAR,', '04121746198', '502274332', 'Maracaibo '),
(12, 'YOKE', '04122831358', '0000000', 'Altavista caracas'),
(13, 'ALVARADO ALVARADO ', '04142244131', '00000000', 'Catia, caracas'),
(14, 'PROMAR', '04128425453', '503495227', 'Maracaibo '),
(15, 'Sabier Urbina', '04241724575', '100000000', 'Parque central');

-- --------------------------------------------------------

--
-- Estructura de tabla para la tabla `roles`
--

CREATE TABLE `roles` (
  `id` bigint UNSIGNED NOT NULL,
  `nombre` varchar(50) COLLATE utf8mb4_general_ci NOT NULL,
  `permisos` text COLLATE utf8mb4_general_ci NOT NULL
) ENGINE=InnoDB DEFAULT CHARSET=utf8mb4 COLLATE=utf8mb4_general_ci;

--
-- Volcado de datos para la tabla `roles`
--

INSERT INTO `roles` (`id`, `nombre`, `permisos`) VALUES
(1, 'Administrador', '{\"vistas.marcas_categorias\":true,\"marcas.registrar\":true,\"marcas.editar\":true,\"marcas.eliminar\":true,\"categorias.registrar\":true,\"categorias.editar\":true,\"categorias.eliminar\":true,\"vistas.choferes\":true,\"choferes.editar\":true,\"choferes.pagar_chofer\":true,\"vistas.deliveries\":true,\"vistas.clientes\":true,\"clientes.registrar\":true,\"clientes.editar\":true,\"clientes.eliminar\":true,\"vistas.metodos\":true,\"metodos.registrar\":true,\"metodos.editar\":true,\"metodos.eliminar\":true,\"vistas.inventario\":true,\"productos.registrar\":true,\"productos.editar\":true,\"productos.eliminar\":true,\"productos.agregar_existencia\":true,\"productos.remover_existencia\":true,\"vistas.proveedores\":true,\"proveedores.registrar\":true,\"proveedores.editar\":true,\"vistas.pagos\":true,\"proveedores.pagar_proveedor\":true,\"vistas.roles\":true,\"roles.registrar\":true,\"roles.editar\":true,\"vistas.usuarios\":true,\"usuarios.registrar\":true,\"usuarios.editar\":true,\"usuarios.eliminar\":true,\"vistas.ventas\":true,\"ventas.registrar_venta\":true,\"vistas.cuentas\":true,\"ventas.registrar_cuenta\":true,\"vistas.apartados\":true,\"ventas.registrar_apartado\":true,\"vistas.cotizaciones\":true,\"ventas.registrar_cotiza\":true,\"ventas.eliminar_cotiza\":true,\"vistas.abonos\":true,\"ventas.realizar_abono\":true,\"vistas.historial\":true,\"ventas.editar\":true,\"cuentas.editar\":true,\"apartados.editar\":true,\"abonos.editar\":true,\"cuentas.eliminar\":true,\"ventas.eliminar\":true,\"apartados.eliminar\":true}'),
(11, 'Encargada', '{\"vistas.marcas_categorias\":true,\"marcas.registrar\":true,\"marcas.editar\":true,\"marcas.eliminar\":true,\"categorias.registrar\":true,\"categorias.editar\":true,\"categorias.eliminar\":true,\"vistas.choferes\":true,\"choferes.editar\":true,\"choferes.pagar_chofer\":true,\"vistas.deliveries\":true,\"vistas.clientes\":true,\"clientes.registrar\":true,\"clientes.editar\":true,\"clientes.eliminar\":false,\"vistas.metodos\":true,\"metodos.registrar\":true,\"metodos.editar\":true,\"metodos.eliminar\":true,\"vistas.inventario\":true,\"productos.registrar\":true,\"productos.editar\":true,\"productos.eliminar\":true,\"productos.agregar_existencia\":true,\"productos.remover_existencia\":true,\"vistas.proveedores\":true,\"proveedores.registrar\":true,\"proveedores.editar\":true,\"vistas.pagos\":false,\"proveedores.pagar_proveedor\":true,\"vistas.roles\":true,\"roles.registrar\":false,\"roles.editar\":false,\"vistas.usuarios\":true,\"usuarios.registrar\":true,\"usuarios.editar\":true,\"usuarios.eliminar\":false,\"vistas.ventas\":true,\"ventas.registrar_venta\":true,\"vistas.cuentas\":true,\"ventas.registrar_cuenta\":true,\"vistas.apartados\":true,\"ventas.registrar_apartado\":true,\"vistas.cotizaciones\":true,\"ventas.registrar_cotiza\":true,\"ventas.eliminar_cotiza\":true,\"vistas.abonos\":true,\"ventas.realizar_abono\":true,\"vistas.historial\":true,\"ventas.editar\":true,\"ventas.eliminar\":true,\"cuentas.editar\":true,\"cuentas.eliminar\":true,\"apartados.eliminar\":true,\"apartados.editar\":true,\"abonos.editar\":true}'),
(12, 'Gerente General', '{\"vistas.marcas_categorias\":true,\"marcas.registrar\":true,\"marcas.editar\":true,\"marcas.eliminar\":true,\"categorias.registrar\":true,\"categorias.editar\":true,\"categorias.eliminar\":true,\"vistas.choferes\":true,\"choferes.editar\":true,\"choferes.pagar_chofer\":true,\"vistas.deliveries\":true,\"vistas.clientes\":true,\"clientes.registrar\":true,\"clientes.editar\":true,\"clientes.eliminar\":true,\"vistas.metodos\":true,\"metodos.registrar\":true,\"metodos.editar\":true,\"metodos.eliminar\":true,\"vistas.inventario\":true,\"productos.registrar\":true,\"productos.editar\":true,\"productos.eliminar\":true,\"productos.agregar_existencia\":true,\"productos.remover_existencia\":true,\"vistas.proveedores\":true,\"proveedores.registrar\":true,\"proveedores.editar\":true,\"vistas.pagos\":true,\"proveedores.pagar_proveedor\":true,\"vistas.roles\":true,\"roles.registrar\":true,\"roles.editar\":true,\"vistas.usuarios\":true,\"usuarios.registrar\":true,\"usuarios.editar\":true,\"usuarios.eliminar\":true,\"vistas.ventas\":true,\"ventas.registrar_venta\":true,\"vistas.cuentas\":true,\"ventas.registrar_cuenta\":true,\"vistas.apartados\":true,\"ventas.registrar_apartado\":true,\"vistas.cotizaciones\":true,\"ventas.registrar_cotiza\":true,\"ventas.eliminar_cotiza\":true,\"vistas.abonos\":true,\"ventas.realizar_abono\":true,\"vistas.historial\":true,\"ventas.editar\":true,\"ventas.eliminar\":true,\"cuentas.editar\":true,\"cuentas.eliminar\":true,\"apartados.eliminar\":true,\"apartados.editar\":true,\"abonos.editar\":true}'),
(13, 'Chofer', '{\"vistas.marcas_categorias\":false,\"marcas.registrar\":false,\"marcas.editar\":false,\"marcas.eliminar\":false,\"categorias.registrar\":false,\"categorias.editar\":false,\"categorias.eliminar\":false,\"vistas.choferes\":true,\"choferes.editar\":false,\"choferes.pagar_chofer\":false,\"vistas.deliveries\":true,\"vistas.clientes\":false,\"clientes.registrar\":false,\"clientes.editar\":false,\"clientes.eliminar\":false,\"vistas.metodos\":false,\"metodos.registrar\":false,\"metodos.editar\":false,\"metodos.eliminar\":false,\"vistas.inventario\":false,\"productos.registrar\":false,\"productos.editar\":false,\"productos.eliminar\":false,\"productos.agregar_existencia\":false,\"productos.remover_existencia\":false,\"vistas.proveedores\":false,\"proveedores.registrar\":false,\"proveedores.editar\":false,\"vistas.pagos\":false,\"proveedores.pagar_proveedor\":false,\"vistas.roles\":false,\"roles.registrar\":false,\"roles.editar\":false,\"vistas.usuarios\":false,\"usuarios.registrar\":false,\"usuarios.editar\":false,\"usuarios.eliminar\":false,\"vistas.ventas\":false,\"ventas.registrar_venta\":false,\"vistas.cuentas\":false,\"ventas.registrar_cuenta\":false,\"vistas.apartados\":false,\"ventas.registrar_apartado\":false,\"vistas.cotizaciones\":false,\"ventas.registrar_cotiza\":false,\"ventas.eliminar_cotiza\":false,\"vistas.abonos\":false,\"ventas.realizar_abono\":false,\"vistas.historial\":false,\"ventas.editar\":false,\"ventas.eliminar\":false,\"cuentas.editar\":false,\"cuentas.eliminar\":false,\"apartados.eliminar\":false,\"apartados.editar\":false,\"abonos.editar\":false}');

-- --------------------------------------------------------

--
-- Estructura de tabla para la tabla `transacciones`
--

CREATE TABLE `transacciones` (
  `id` bigint UNSIGNED NOT NULL,
  `tipo` enum('venta','cuenta_apartado') NOT NULL
) ENGINE=InnoDB DEFAULT CHARSET=utf8mb4 COLLATE=utf8mb4_0900_ai_ci;

--
-- Volcado de datos para la tabla `transacciones`
--

INSERT INTO `transacciones` (`id`, `tipo`) VALUES
(1, 'cuenta_apartado'),
(2, 'cuenta_apartado'),
(3, 'cuenta_apartado'),
(4, 'cuenta_apartado'),
(5, 'cuenta_apartado'),
(6, 'cuenta_apartado'),
(7, 'cuenta_apartado'),
(8, 'cuenta_apartado'),
(9, 'cuenta_apartado'),
(10, 'cuenta_apartado'),
(11, 'cuenta_apartado'),
(12, 'cuenta_apartado'),
(13, 'cuenta_apartado'),
(14, 'cuenta_apartado'),
(15, 'cuenta_apartado'),
(16, 'cuenta_apartado'),
(17, 'cuenta_apartado'),
(18, 'cuenta_apartado'),
(19, 'cuenta_apartado'),
(20, 'cuenta_apartado'),
(21, 'cuenta_apartado'),
(22, 'cuenta_apartado'),
(23, 'cuenta_apartado'),
(24, 'cuenta_apartado'),
(25, 'cuenta_apartado'),
(26, 'cuenta_apartado'),
(27, 'cuenta_apartado'),
(28, 'cuenta_apartado'),
(29, 'cuenta_apartado'),
(30, 'cuenta_apartado'),
(31, 'cuenta_apartado'),
(32, 'cuenta_apartado'),
(33, 'cuenta_apartado'),
(34, 'cuenta_apartado'),
(35, 'cuenta_apartado'),
(36, 'cuenta_apartado'),
(37, 'cuenta_apartado'),
(38, 'cuenta_apartado'),
(39, 'cuenta_apartado'),
(40, 'cuenta_apartado'),
(41, 'cuenta_apartado'),
(42, 'cuenta_apartado'),
(43, 'cuenta_apartado'),
(44, 'cuenta_apartado'),
(45, 'cuenta_apartado'),
(46, 'cuenta_apartado'),
(47, 'cuenta_apartado'),
(48, 'cuenta_apartado'),
(49, 'cuenta_apartado'),
(50, 'cuenta_apartado'),
(51, 'cuenta_apartado'),
(52, 'cuenta_apartado'),
(53, 'cuenta_apartado'),
(54, 'cuenta_apartado'),
(55, 'cuenta_apartado'),
(56, 'cuenta_apartado'),
(57, 'cuenta_apartado'),
(58, 'cuenta_apartado'),
(59, 'cuenta_apartado'),
(60, 'cuenta_apartado'),
(61, 'cuenta_apartado'),
(62, 'cuenta_apartado'),
(63, 'cuenta_apartado'),
(64, 'cuenta_apartado'),
(65, 'cuenta_apartado'),
(66, 'cuenta_apartado'),
(67, 'cuenta_apartado'),
(68, 'cuenta_apartado'),
(69, 'cuenta_apartado'),
(70, 'cuenta_apartado'),
(71, 'cuenta_apartado'),
(72, 'cuenta_apartado'),
(73, 'cuenta_apartado'),
(74, 'cuenta_apartado'),
(75, 'cuenta_apartado'),
(76, 'cuenta_apartado'),
(77, 'cuenta_apartado'),
(78, 'cuenta_apartado'),
(79, 'cuenta_apartado'),
(80, 'cuenta_apartado'),
(81, 'cuenta_apartado'),
(82, 'cuenta_apartado'),
(83, 'cuenta_apartado'),
(84, 'cuenta_apartado'),
(85, 'cuenta_apartado'),
(86, 'cuenta_apartado'),
(87, 'cuenta_apartado'),
(88, 'cuenta_apartado'),
(89, 'cuenta_apartado'),
(90, 'cuenta_apartado'),
(91, 'cuenta_apartado'),
(92, 'cuenta_apartado'),
(93, 'cuenta_apartado'),
(94, 'cuenta_apartado'),
(95, 'cuenta_apartado'),
(96, 'cuenta_apartado'),
(97, 'cuenta_apartado'),
(98, 'cuenta_apartado'),
(99, 'cuenta_apartado'),
(100, 'cuenta_apartado'),
(101, 'cuenta_apartado'),
(102, 'cuenta_apartado'),
(103, 'cuenta_apartado'),
(104, 'cuenta_apartado'),
(105, 'cuenta_apartado'),
(106, 'cuenta_apartado'),
(107, 'cuenta_apartado'),
(108, 'cuenta_apartado'),
(109, 'cuenta_apartado'),
(110, 'cuenta_apartado'),
(111, 'cuenta_apartado'),
(112, 'cuenta_apartado'),
(113, 'cuenta_apartado'),
(114, 'cuenta_apartado'),
(115, 'cuenta_apartado'),
(116, 'cuenta_apartado'),
(117, 'cuenta_apartado'),
(118, 'cuenta_apartado'),
(119, 'cuenta_apartado'),
(120, 'cuenta_apartado'),
(121, 'cuenta_apartado'),
(122, 'cuenta_apartado'),
(123, 'cuenta_apartado'),
(124, 'cuenta_apartado'),
(125, 'cuenta_apartado'),
(126, 'cuenta_apartado'),
(127, 'cuenta_apartado'),
(128, 'cuenta_apartado'),
(129, 'cuenta_apartado'),
(130, 'cuenta_apartado'),
(131, 'cuenta_apartado'),
(132, 'cuenta_apartado'),
(133, 'cuenta_apartado'),
(134, 'cuenta_apartado'),
(135, 'cuenta_apartado'),
(136, 'cuenta_apartado'),
(137, 'cuenta_apartado'),
(138, 'cuenta_apartado'),
(139, 'cuenta_apartado'),
(140, 'cuenta_apartado'),
(141, 'cuenta_apartado'),
(142, 'cuenta_apartado'),
(143, 'cuenta_apartado'),
(144, 'cuenta_apartado'),
(145, 'cuenta_apartado'),
(146, 'cuenta_apartado'),
(147, 'cuenta_apartado'),
(148, 'cuenta_apartado'),
(149, 'cuenta_apartado'),
(150, 'cuenta_apartado'),
(151, 'cuenta_apartado'),
(152, 'cuenta_apartado'),
(153, 'cuenta_apartado'),
(154, 'cuenta_apartado'),
(155, 'cuenta_apartado'),
(156, 'cuenta_apartado'),
(157, 'cuenta_apartado'),
(158, 'cuenta_apartado'),
(159, 'cuenta_apartado'),
(160, 'cuenta_apartado'),
(161, 'cuenta_apartado'),
(162, 'cuenta_apartado'),
(163, 'cuenta_apartado'),
(164, 'cuenta_apartado'),
(165, 'cuenta_apartado'),
(166, 'cuenta_apartado'),
(167, 'cuenta_apartado'),
(168, 'cuenta_apartado'),
(169, 'cuenta_apartado'),
(170, 'cuenta_apartado'),
(171, 'cuenta_apartado'),
(172, 'cuenta_apartado'),
(173, 'cuenta_apartado'),
(174, 'cuenta_apartado'),
(175, 'cuenta_apartado'),
(176, 'cuenta_apartado'),
(177, 'cuenta_apartado'),
(178, 'cuenta_apartado'),
(179, 'cuenta_apartado'),
(180, 'cuenta_apartado'),
(181, 'cuenta_apartado'),
(182, 'cuenta_apartado'),
(183, 'cuenta_apartado'),
(184, 'cuenta_apartado'),
(185, 'venta'),
(186, 'venta'),
(187, 'venta'),
(188, 'venta'),
(189, 'venta'),
(190, 'venta'),
(191, 'venta'),
(192, 'venta'),
(193, 'venta'),
(194, 'venta'),
(195, 'venta'),
(196, 'venta'),
(197, 'venta'),
(198, 'venta'),
(199, 'venta'),
(200, 'venta'),
(201, 'venta'),
(202, 'venta'),
(203, 'venta'),
(204, 'venta'),
(205, 'venta'),
(206, 'venta'),
(207, 'venta'),
(208, 'venta'),
(209, 'venta'),
(210, 'venta'),
(211, 'venta'),
(212, 'venta'),
(213, 'venta'),
(214, 'venta'),
(215, 'venta'),
(216, 'venta'),
(217, 'venta'),
(218, 'venta'),
(219, 'venta'),
(220, 'venta'),
(221, 'venta'),
(222, 'venta'),
(223, 'venta'),
(224, 'venta'),
(225, 'venta'),
(226, 'venta'),
(227, 'venta'),
(228, 'venta'),
(229, 'venta'),
(230, 'venta'),
(231, 'venta'),
(232, 'venta'),
(233, 'venta'),
(234, 'venta'),
(235, 'venta'),
(236, 'venta'),
(237, 'venta'),
(238, 'venta'),
(239, 'venta'),
(240, 'venta'),
(241, 'venta'),
(242, 'venta'),
(243, 'venta'),
(244, 'venta'),
(245, 'venta'),
(246, 'venta'),
(247, 'venta'),
(248, 'venta'),
(249, 'venta'),
(250, 'venta'),
(251, 'venta'),
(252, 'venta'),
(253, 'venta'),
(254, 'venta'),
(255, 'venta'),
(256, 'venta'),
(257, 'venta'),
(258, 'cuenta_apartado'),
(259, 'cuenta_apartado'),
(260, 'cuenta_apartado'),
(261, 'venta'),
(262, 'cuenta_apartado'),
(263, 'cuenta_apartado'),
(264, 'venta'),
(265, 'cuenta_apartado'),
(266, 'cuenta_apartado'),
(267, 'venta'),
(268, 'cuenta_apartado'),
(269, 'cuenta_apartado'),
(270, 'venta'),
(271, 'cuenta_apartado'),
(272, 'venta'),
(273, 'venta'),
(274, 'cuenta_apartado'),
(275, 'cuenta_apartado'),
(276, 'venta'),
(277, 'venta'),
(278, 'venta'),
(279, 'cuenta_apartado'),
(280, 'cuenta_apartado'),
(281, 'venta'),
(282, 'venta'),
(283, 'venta'),
(284, 'venta'),
(285, 'venta'),
(286, 'venta'),
(287, 'venta'),
(288, 'venta'),
(289, 'venta'),
(290, 'venta'),
(291, 'cuenta_apartado'),
(292, 'venta'),
(293, 'venta'),
(294, 'venta'),
(295, 'cuenta_apartado'),
(296, 'venta'),
(297, 'venta'),
(298, 'cuenta_apartado'),
(299, 'venta'),
(300, 'venta'),
(301, 'venta'),
(302, 'venta'),
(303, 'venta'),
(304, 'venta'),
(305, 'venta'),
(306, 'cuenta_apartado'),
(307, 'cuenta_apartado'),
(308, 'cuenta_apartado'),
(309, 'venta'),
(310, 'venta'),
(311, 'cuenta_apartado'),
(312, 'cuenta_apartado'),
(313, 'venta'),
(314, 'cuenta_apartado'),
(315, 'venta'),
(316, 'venta'),
(317, 'venta'),
(318, 'cuenta_apartado'),
(319, 'cuenta_apartado'),
(320, 'cuenta_apartado'),
(321, 'cuenta_apartado'),
(322, 'venta'),
(323, 'venta'),
(324, 'cuenta_apartado'),
(325, 'cuenta_apartado'),
(326, 'cuenta_apartado'),
(327, 'cuenta_apartado'),
(328, 'cuenta_apartado'),
(329, 'venta'),
(330, 'venta'),
(331, 'cuenta_apartado'),
(332, 'cuenta_apartado'),
(333, 'cuenta_apartado'),
(334, 'venta'),
(335, 'venta'),
(336, 'venta'),
(337, 'cuenta_apartado'),
(338, 'cuenta_apartado'),
(339, 'cuenta_apartado'),
(340, 'cuenta_apartado'),
(341, 'cuenta_apartado'),
(342, 'cuenta_apartado'),
(343, 'cuenta_apartado'),
(344, 'cuenta_apartado'),
(345, 'venta'),
(346, 'cuenta_apartado'),
(347, 'venta'),
(348, 'cuenta_apartado'),
(349, 'venta'),
(350, 'cuenta_apartado'),
(351, 'venta'),
(352, 'venta'),
(353, 'cuenta_apartado'),
(354, 'cuenta_apartado'),
(355, 'venta'),
(356, 'venta'),
(357, 'venta'),
(358, 'cuenta_apartado'),
(359, 'cuenta_apartado'),
(360, 'cuenta_apartado'),
(361, 'cuenta_apartado'),
(362, 'cuenta_apartado'),
(363, 'venta'),
(364, 'venta'),
(365, 'cuenta_apartado'),
(366, 'cuenta_apartado'),
(367, 'venta'),
(368, 'venta'),
(369, 'venta'),
(370, 'cuenta_apartado'),
(371, 'venta'),
(372, 'venta'),
(373, 'venta'),
(374, 'venta'),
(375, 'venta'),
(376, 'venta'),
(377, 'venta'),
(378, 'venta'),
(379, 'cuenta_apartado'),
(380, 'venta'),
(381, 'cuenta_apartado'),
(382, 'venta'),
(383, 'venta'),
(384, 'venta'),
(385, 'cuenta_apartado'),
(386, 'cuenta_apartado'),
(387, 'venta'),
(388, 'venta'),
(389, 'cuenta_apartado'),
(390, 'cuenta_apartado'),
(391, 'cuenta_apartado'),
(392, 'venta'),
(393, 'venta'),
(394, 'venta'),
(395, 'venta'),
(396, 'venta'),
(397, 'venta'),
(398, 'venta'),
(399, 'venta'),
(400, 'cuenta_apartado'),
(401, 'venta'),
(402, 'cuenta_apartado'),
(403, 'cuenta_apartado'),
(404, 'cuenta_apartado'),
(405, 'cuenta_apartado'),
(406, 'venta'),
(407, 'cuenta_apartado'),
(408, 'venta'),
(409, 'cuenta_apartado'),
(410, 'venta'),
(411, 'cuenta_apartado'),
(412, 'cuenta_apartado'),
(413, 'venta'),
(414, 'cuenta_apartado'),
(415, 'venta'),
(416, 'venta'),
(417, 'venta'),
(418, 'cuenta_apartado'),
(419, 'cuenta_apartado'),
(420, 'cuenta_apartado'),
(421, 'venta'),
(422, 'venta'),
(423, 'cuenta_apartado'),
(424, 'venta'),
(425, 'venta'),
(426, 'cuenta_apartado'),
(427, 'venta'),
(428, 'venta'),
(429, 'venta'),
(430, 'cuenta_apartado'),
(431, 'cuenta_apartado'),
(432, 'venta'),
(433, 'cuenta_apartado'),
(434, 'venta'),
(435, 'venta'),
(436, 'venta'),
(437, 'venta'),
(438, 'cuenta_apartado'),
(439, 'cuenta_apartado'),
(440, 'venta'),
(441, 'venta'),
(442, 'venta'),
(443, 'venta'),
(444, 'cuenta_apartado'),
(445, 'venta'),
(446, 'cuenta_apartado'),
(447, 'venta'),
(448, 'venta'),
(449, 'venta'),
(450, 'cuenta_apartado'),
(451, 'venta'),
(452, 'cuenta_apartado'),
(453, 'venta'),
(454, 'venta'),
(455, 'venta'),
(456, 'venta'),
(457, 'venta'),
(458, 'cuenta_apartado'),
(459, 'venta'),
(460, 'venta'),
(461, 'venta'),
(462, 'cuenta_apartado'),
(463, 'venta'),
(464, 'venta'),
(465, 'venta'),
(466, 'venta'),
(467, 'cuenta_apartado'),
(468, 'cuenta_apartado'),
(469, 'cuenta_apartado'),
(470, 'venta'),
(471, 'cuenta_apartado'),
(472, 'venta'),
(473, 'cuenta_apartado'),
(474, 'cuenta_apartado');

-- --------------------------------------------------------

--
-- Estructura de tabla para la tabla `usuarios`
--

CREATE TABLE `usuarios` (
  `id` bigint UNSIGNED NOT NULL,
  `usuario` varchar(50) COLLATE utf8mb4_general_ci NOT NULL,
  `nombre` varchar(100) COLLATE utf8mb4_general_ci NOT NULL,
  `telefono` varchar(20) COLLATE utf8mb4_general_ci NOT NULL,
  `password` varchar(255) COLLATE utf8mb4_general_ci NOT NULL,
  `idRol` bigint NOT NULL
) ENGINE=InnoDB DEFAULT CHARSET=utf8mb4 COLLATE=utf8mb4_general_ci;

--
-- Volcado de datos para la tabla `usuarios`
--

INSERT INTO `usuarios` (`id`, `usuario`, `nombre`, `telefono`, `password`, `idRol`) VALUES
(1, 'Tecnico', 'David Gonzalez', '04120187337', '$2y$10$lQpIjpd2gT2H5dwEPtH3v.bsbyzxTaEu9on1oAZAZg4w//IzAsErG', 1),
(8, 'CLAUDIA SANABRIA ', 'CLAUDIA SANABRIA ', '04241288515', '$2y$10$f1vNG1v8u9m6GYIJtWYNoud.k2XR0UTHI.J4x2z3E8wIFolCJIqQO', 11),
(11, 'SUJENNY ', 'SUJENNY CARIPE', '04241268578', '$2y$10$wX.qwGZqExZe7iRwgs91De54KWzo4uREYQAXsbBrM1ubbRcdBKmuy', 12),
(12, 'LUIS', 'LUIS RIOS', '04129953899', '$2y$10$KlzTCtheYp8ndZZBedkooe.noqJu/XB6NnwCiMTCots1YUkywf05q', 12),
(15, 'YHOSGUAR', 'YHOSGUAR SANABRIA', '04123538939', '$2y$10$6Ma0P2TAWoEgZmGT59DCm.BpVPoU8fSlrzUgFDMQBFH6TWbjQLZPi', 13);

-- --------------------------------------------------------

--
-- Estructura de tabla para la tabla `ventas`
--

CREATE TABLE `ventas` (
  `id` bigint UNSIGNED NOT NULL,
  `fecha` datetime NOT NULL,
  `pagado` decimal(9,2) NOT NULL,
  `total` decimal(9,2) NOT NULL,
  `origen` varchar(30) CHARACTER SET utf8mb4 COLLATE utf8mb4_general_ci DEFAULT NULL,
  `simple` varchar(20) CHARACTER SET utf8mb4 COLLATE utf8mb4_general_ci DEFAULT NULL,
  `idMetodo` bigint DEFAULT NULL,
  `idCliente` bigint DEFAULT NULL,
  `idUsuario` bigint NOT NULL
) ENGINE=InnoDB DEFAULT CHARSET=utf8mb4 COLLATE=utf8mb4_general_ci;

--
-- Volcado de datos para la tabla `ventas`
--

INSERT INTO `ventas` (`id`, `fecha`, `pagado`, `total`, `origen`, `simple`, `idMetodo`, `idCliente`, `idUsuario`) VALUES
(185, '2025-04-02 13:22:57', 25.00, 23.00, NULL, 'Efectivo ($)', NULL, 1552, 8),
(186, '2025-04-02 17:13:00', 60.00, 60.00, '0153', NULL, 1, 1834, 1),
(187, '2025-04-02 17:52:22', 10.00, 8.00, NULL, 'Efectivo ($)', NULL, 0, 1),
(188, '2025-04-02 18:27:30', 120.00, 120.00, '0079', NULL, 1, 1009, 1),
(189, '2025-04-02 18:38:02', 97.50, 97.50, '4453', NULL, 1, 1012, 1),
(190, '2025-04-02 18:41:32', 4.00, 4.00, '0457', NULL, 1, 1346, 1),
(191, '2025-04-03 08:56:15', 88.80, 88.80, '5065', NULL, 1, 1752, 1),
(192, '2025-04-03 10:21:14', 70.00, 60.00, NULL, 'Efectivo ($)', NULL, 1836, 8),
(193, '2025-04-03 11:58:41', 977.00, 977.00, '0153', NULL, 4, 0, 1),
(194, '2025-04-03 12:40:52', 33.00, 33.00, NULL, 'Efectivo ($)', NULL, 1574, 8),
(195, '2025-04-03 13:01:09', 50.08, 50.08, NULL, 'Efectivo ($)', NULL, 1739, 1),
(196, '2025-04-03 13:10:55', 20.00, 20.00, NULL, 'Efectivo ($)', NULL, 1837, 8),
(197, '2025-04-03 13:15:23', 75.00, 75.00, NULL, 'Efectivo ($)', NULL, 1739, 1),
(198, '2025-04-03 13:44:36', 45.00, 43.00, NULL, 'Efectivo ($)', NULL, 0, 1),
(199, '2025-04-03 15:45:23', 20.00, 18.00, NULL, 'Efectivo ($)', NULL, 1839, 1),
(200, '2025-04-03 15:53:52', 17.00, 17.00, '3926', NULL, 1, 1328, 1),
(201, '2025-04-03 16:02:51', 100.00, 24.00, NULL, 'Efectivo ($)', NULL, 1840, 1),
(202, '2025-04-03 16:18:00', 20.00, 19.00, NULL, 'Efectivo ($)', NULL, 1841, 1),
(203, '2025-04-03 16:24:05', 60.00, 60.00, '3926', NULL, 1, 1528, 1),
(204, '2025-04-03 17:15:18', 21.00, 21.00, NULL, 'Efectivo ($)', NULL, 0, 8),
(205, '2025-04-03 18:50:06', 110.00, 110.00, '5065', NULL, 1, 559, 1),
(206, '2025-04-04 10:14:00', 31.00, 31.00, '3627', NULL, 2, 1752, 1),
(207, '2025-04-04 15:24:44', 32.20, 32.20, '6534', NULL, 2, 1859, 1),
(208, '2025-04-05 18:01:54', 21.00, 21.00, NULL, 'Efectivo ($)', NULL, 1837, 8),
(209, '2025-04-08 15:03:00', 150.00, 150.00, NULL, 'Efectivo ($)', NULL, 1860, 8),
(210, '2025-04-08 15:49:32', 195.00, 195.00, NULL, 'Efectivo ($)', NULL, 1860, 8),
(211, '2025-04-10 11:22:06', 10.00, 10.00, NULL, 'Efectivo ($)', NULL, 1837, 1),
(212, '2025-04-10 11:29:13', 18.00, 18.00, NULL, 'Efectivo ($)', NULL, 1833, 1),
(213, '2025-04-10 13:27:26', 16.00, 16.00, NULL, 'Efectivo (Bs)', NULL, 1861, 1),
(214, '2025-04-10 15:29:42', 50.80, 50.80, '00', NULL, 1, 1862, 1),
(215, '2025-04-10 16:03:07', 163.77, 163.77, '8784', NULL, 1, 299, 1),
(216, '2025-04-11 09:51:43', 200.00, 184.00, NULL, 'Efectivo ($)', NULL, 149, 1),
(217, '2025-04-11 10:03:38', 32.00, 32.00, NULL, 'Efectivo ($)', NULL, 1635, 1),
(218, '2025-04-11 10:08:50', 28.00, 28.00, NULL, 'Efectivo ($)', NULL, 382, 1),
(219, '2025-04-11 10:21:08', 75.00, 75.00, '00', NULL, 1, 1528, 1),
(220, '2025-04-11 10:30:07', 24.00, 24.00, NULL, 'Efectivo ($)', NULL, 1840, 1),
(221, '2025-04-11 11:03:09', 143.00, 143.00, '000', NULL, 1, 1863, 1),
(222, '2025-04-11 11:11:57', 78.76, 78.76, '0153', NULL, 1, 1864, 1),
(223, '2025-04-11 11:15:46', 95.00, 95.00, '0079', NULL, 1, 1675, 1),
(224, '2025-04-11 11:18:23', 60.00, 60.00, '0153', NULL, 2, 1528, 1),
(225, '2025-04-11 11:23:08', 770.00, 650.00, '00', NULL, 1, 86, 1),
(226, '2025-04-11 11:24:00', 8.00, 8.00, NULL, 'Efectivo ($)', NULL, 1346, 1),
(227, '2025-04-11 13:23:21', 20.00, 20.00, '00', NULL, 1, 1866, 1),
(228, '2025-04-12 13:13:52', 54.00, 54.00, NULL, 'Efectivo (Bs)', NULL, 1838, 1),
(229, '2025-04-12 15:33:05', 51.48, 51.48, '0000', NULL, 1, 0, 1),
(230, '2025-04-13 11:26:54', 132.60, 132.60, '0000', NULL, 1, 1867, 1),
(231, '2025-04-13 11:49:52', 146.00, 146.00, '0000', NULL, 1, 299, 1),
(232, '2025-04-13 14:31:42', 100.00, 62.40, NULL, 'Efectivo (Bs)', NULL, 1552, 8),
(233, '2025-04-13 15:25:08', 100.00, 100.00, '0000', NULL, 1, 192, 8),
(234, '2025-04-13 19:31:56', 220.00, 220.00, '000', NULL, 1, 559, 8),
(235, '2025-04-14 09:22:40', 703.80, 703.80, NULL, 'Efectivo ($)', NULL, 1868, 1),
(236, '2025-04-14 09:33:56', 346.60, 346.60, NULL, 'Efectivo ($)', NULL, 1868, 1),
(237, '2025-04-14 09:36:12', 257.00, 257.00, NULL, 'Efectivo ($)', NULL, 594, 1),
(238, '2025-04-14 11:35:14', 60.00, 60.00, NULL, 'Efectivo ($)', NULL, 1836, 1),
(239, '2025-04-14 12:24:02', 242.00, 242.00, NULL, 'Efectivo (Bs)', NULL, 1058, 1),
(240, '2025-04-14 16:00:59', 220.00, 220.00, '000', NULL, 1, 1869, 1),
(241, '2025-04-14 16:37:08', 160.00, 160.00, NULL, 'Efectivo ($)', NULL, 1870, 1),
(242, '2025-04-14 16:41:03', 12.00, 12.00, NULL, 'Efectivo ($)', NULL, 1346, 1),
(243, '2025-04-14 16:51:36', 16.20, 16.20, '0000', NULL, 2, 1871, 1),
(244, '2025-04-14 17:15:25', 30.00, 29.00, NULL, 'Efectivo ($)', NULL, 1872, 1),
(245, '2025-04-14 17:17:26', 100.00, 40.80, NULL, 'Efectivo ($)', NULL, 1330, 1),
(246, '2025-04-15 10:41:43', 60.00, 60.00, '000', NULL, 1, 1528, 1),
(247, '2025-04-15 12:05:42', 117.00, 117.00, '0000', NULL, 1, 1873, 1),
(248, '2025-04-15 12:23:31', 16.00, 16.00, '0000', NULL, 1, 1874, 1),
(249, '2025-04-15 13:27:22', 20.00, 20.00, NULL, 'Efectivo ($)', NULL, 1839, 1),
(250, '2025-04-15 13:56:18', 100.00, 100.00, '000', NULL, 1, 1675, 1),
(251, '2025-04-15 14:23:32', 180.00, 180.00, '000', NULL, 1, 1875, 1),
(252, '2025-04-15 14:43:21', 68.00, 68.00, '000', NULL, 1, 559, 1),
(253, '2025-04-15 15:20:04', 176.00, 176.00, '0000', NULL, 1, 559, 1),
(254, '2025-04-15 18:06:55', 35.00, 34.00, NULL, 'Efectivo (Bs)', NULL, 1334, 1),
(255, '2025-04-16 15:33:24', 105.00, 105.00, '000', NULL, 1, 1877, 1),
(261, '2025-04-17 12:55:19', 17.00, 17.00, '0000', NULL, 1, 1328, 1),
(264, '2025-04-17 15:57:04', 20.00, 18.00, NULL, 'Efectivo ($)', NULL, 1879, 1),
(267, '2025-04-17 16:35:03', 167.70, 167.70, 'Venezuela', NULL, 1, 1012, 1),
(270, '2025-04-18 08:47:47', 480.00, 480.00, NULL, 'Efectivo ($)', NULL, 1635, 1),
(272, '2025-04-18 10:45:08', 20.00, 19.00, NULL, 'Efectivo ($)', NULL, 1881, 1),
(273, '2025-04-18 11:21:24', 315.90, 315.90, 'Banesco', NULL, 1, 192, 1),
(276, '2025-04-18 11:54:04', 30.00, 26.00, NULL, 'Efectivo ($)', NULL, 1879, 1),
(277, '2025-04-18 11:58:48', 34.00, 34.00, NULL, 'Efectivo ($)', NULL, 1883, 1),
(278, '2025-04-18 12:05:23', 220.00, 220.00, 'Banesco', NULL, 1, 192, 1),
(281, '2025-04-18 12:43:36', 91.00, 91.00, 'Banesco ', NULL, 1, 1884, 1),
(282, '2025-04-18 13:03:17', 327.16, 327.16, 'BANCO VENEZUELA ', NULL, 1, 299, 1),
(283, '2025-04-18 13:34:16', 20.00, 20.00, NULL, 'Efectivo ($)', NULL, 1885, 1),
(284, '2025-04-18 14:05:44', 17.00, 17.00, 'Venezuela ', NULL, 1, 1206, 1),
(285, '2025-04-18 14:43:34', 132.00, 132.00, 'Banesco ', NULL, 1, 197, 1),
(286, '2025-04-18 14:53:09', 50.00, 50.00, NULL, 'Efectivo ($)', NULL, 112, 1),
(287, '2025-04-18 15:12:36', 20.00, 12.00, NULL, 'Efectivo ($)', NULL, 1878, 1),
(288, '2025-04-18 17:46:45', 21.00, 21.00, 'BANCO VENEZUELA ', NULL, 1, 1328, 1),
(289, '2025-04-18 18:46:53', 70.00, 70.00, NULL, 'Efectivo ($)', NULL, 191, 1),
(290, '2025-04-19 09:32:13', 18.00, 18.00, 'Venezuela', NULL, 1, 1752, 1),
(292, '2025-04-19 11:46:00', 51.00, 51.00, 'Banesco', NULL, 1, 1887, 1),
(293, '2025-04-19 12:12:32', 103.00, 103.00, '0000', NULL, 4, 1888, 1),
(294, '2025-04-19 12:25:45', 66.30, 66.30, 'Ooooo', NULL, 2, 1863, 1),
(296, '2025-04-19 12:30:57', 42.00, 42.00, NULL, 'Efectivo ($)', NULL, 1334, 1),
(297, '2025-04-19 12:40:00', 7.00, 7.00, 'BANCO VENEZUELA ', NULL, 1, 1889, 1),
(299, '2025-04-19 13:20:57', 100.00, 60.00, NULL, 'Efectivo ($)', NULL, 1890, 1),
(300, '2025-04-19 13:59:29', 4.00, 4.00, NULL, 'Efectivo (Bs)', NULL, 1891, 1),
(302, '2025-04-19 14:16:37', 206.62, 206.62, 'BANCO VENEZUELA ', NULL, 1, 299, 1),
(303, '2025-04-19 14:28:07', 17.00, 17.00, NULL, 'Efectivo ($)', NULL, 1892, 1),
(304, '2025-04-19 15:09:50', 160.00, 160.00, 'Banesco', NULL, 1, 382, 1),
(305, '2025-04-19 15:24:28', 270.00, 270.00, 'BANCO VENEZUELA ', NULL, 1, 1009, 1),
(309, '2025-04-19 19:10:35', 43.00, 43.00, 'BANCO VENEZUELA ', NULL, 1, 1328, 1),
(310, '2025-04-19 19:22:01', 46.00, 44.00, NULL, 'Efectivo ($)', NULL, 1893, 1),
(313, '2025-04-20 13:46:33', 90.20, 90.20, 'BANCO VENEZUELA ', NULL, 1, 299, 1),
(315, '2025-04-20 14:28:11', 298.30, 298.30, 'Banesco', NULL, 1, 559, 1),
(316, '2025-04-20 16:33:07', 24.00, 24.00, 'BANCO VENEZUELA ', NULL, 1, 1574, 1),
(317, '2025-04-20 16:58:32', 215.80, 215.80, 'Banesco', NULL, 1, 1853, 1),
(322, '2025-04-21 12:51:37', 20.00, 18.00, NULL, 'Efectivo ($)', NULL, 1752, 8),
(323, '2025-04-21 14:13:04', 5.40, 5.40, NULL, 'Efectivo ($)', NULL, 1878, 8),
(330, '2025-04-21 15:06:33', 1140.00, 1140.00, NULL, 'Efectivo ($)', NULL, 86, 8),
(334, '2025-04-21 17:23:20', 28.00, 28.00, NULL, 'Efectivo ($)', NULL, 1872, 11),
(335, '2025-04-21 17:35:16', 267.09, 267.08, NULL, 'Efectivo ($)', NULL, 47, 11),
(336, '2025-04-21 18:02:24', 40.00, 38.00, NULL, 'Efectivo ($)', NULL, 112, 11),
(345, '2025-04-22 11:44:11', 10.00, 10.00, NULL, 'Efectivo ($)', NULL, 121, 8),
(347, '2025-04-22 11:52:52', 26.00, 26.00, NULL, 'Efectivo ($)', NULL, 1895, 8),
(351, '2025-04-22 14:09:35', 60.00, 55.00, NULL, 'Efectivo ($)', NULL, 1873, 11),
(352, '2025-04-22 14:16:47', 57.20, 57.20, '0000', NULL, 1, 1867, 8),
(355, '2025-04-22 16:48:31', 80.00, 80.00, NULL, 'Efectivo ($)', NULL, 86, 8),
(356, '2025-04-22 17:13:53', 12.00, 12.00, NULL, 'Efectivo ($)', NULL, 1896, 8),
(357, '2025-04-22 19:27:33', 17.00, 17.00, 'VENEZUELA ', NULL, 1, 1328, 11),
(363, '2025-04-23 09:11:04', 19.00, 17.00, NULL, 'Efectivo ($)', NULL, 1752, 8),
(364, '2025-04-23 09:40:05', 110.00, 110.00, NULL, 'Efectivo ($)', NULL, 1836, 8),
(367, '2025-04-23 12:08:09', 208.00, 208.00, 'C781PKDC', NULL, 4, 1894, 8),
(368, '2025-04-23 12:42:24', 965.00, 965.00, '5317', NULL, 1, 1850, 8),
(369, '2025-04-23 13:47:18', 102.00, 102.00, 'VENEZUELA', NULL, 1, 14, 8),
(371, '2025-04-23 14:52:11', 17.00, 17.00, '00', NULL, 1, 115, 8),
(372, '2025-04-23 15:27:20', 20.00, 20.00, NULL, 'Efectivo ($)', NULL, 112, 8),
(373, '2025-04-23 15:40:39', 126.30, 126.30, 'OFERTA CARACAS', NULL, 1, 1897, 8),
(374, '2025-04-23 16:03:53', 297.00, 297.00, '00', NULL, 1, 1898, 8),
(375, '2025-04-23 17:18:33', 220.00, 220.00, 'OFERTA CARACAS', NULL, 1, 1869, 8),
(376, '2025-04-23 17:35:34', 110.00, 110.00, 'BANESCO', NULL, 1, 1012, 8),
(377, '2025-04-23 18:57:09', 75.00, 75.00, 'OFERTA CARACAS', NULL, 1, 1527, 8),
(378, '2025-04-23 19:15:06', 48.00, 48.00, NULL, 'Efectivo ($)', NULL, 1899, 8),
(380, '2025-04-24 08:19:24', 28.00, 28.00, NULL, 'Efectivo ($)', NULL, 1900, 8),
(382, '2025-04-24 09:44:31', 156.00, 156.00, NULL, 'Efectivo ($)', NULL, 565, 8),
(383, '2025-04-24 09:54:50', 37.00, 37.00, 'OFERTA CARACAS', NULL, 1, 1752, 8),
(384, '2025-04-24 09:59:13', 17.00, 17.00, 'OFERTA CARACAS', NULL, 1, 1346, 8),
(387, '2025-04-24 11:32:41', 204.24, 204.24, NULL, 'Efectivo ($)', NULL, 1901, 8),
(388, '2025-04-24 12:24:34', 52.00, 52.00, NULL, 'Efectivo ($)', NULL, 1838, 8),
(392, '2025-04-24 13:42:58', 220.00, 220.00, 'OFERTA CARACAS', NULL, 1, 1869, 8),
(393, '2025-04-24 13:48:37', 16.00, 16.00, 'OFERTA CARACAS', NULL, 1, 1874, 8),
(394, '2025-04-24 13:55:08', 132.00, 132.00, 'OFERTA CARACAS', NULL, 1, 1867, 8),
(395, '2025-04-24 13:58:59', 488.60, 488.60, 'OFERTA CARACAS', NULL, 1, 197, 8),
(396, '2025-04-24 14:00:11', 4.00, 4.00, 'OFERTA CARACAS', NULL, 1, 1346, 8),
(397, '2025-04-24 15:09:21', 4.00, 4.00, '00', NULL, 1, 1574, 8),
(398, '2025-04-24 16:29:49', 8.00, 8.00, NULL, 'Efectivo ($)', NULL, 124, 8),
(399, '2025-04-24 16:59:53', 211.60, 211.60, 'OFERTA CARACAS', NULL, 1, 1862, 8),
(401, '2025-04-24 17:49:51', 25.00, 25.00, NULL, 'Efectivo ($)', NULL, 382, 8),
(406, '2025-04-25 09:57:42', 39.00, 39.00, 'VENEZUELA ', NULL, 1, 1752, 8),
(408, '2025-04-25 12:05:34', 206.00, 206.00, 'ZELLE', NULL, 4, 198, 8),
(410, '2025-04-25 12:52:36', 20.00, 20.00, NULL, 'Efectivo ($)', NULL, 1881, 8),
(413, '2025-04-25 14:18:17', 35.00, 35.00, 'VENEZUELA ', NULL, 1, 1334, 8),
(415, '2025-04-25 14:54:50', 33.00, 33.00, 'VENEZUELA ', NULL, 1, 1901, 8),
(416, '2025-04-25 15:08:15', 55.72, 55.72, NULL, 'Efectivo ($)', NULL, 1328, 8),
(417, '2025-04-25 15:31:45', 14.00, 14.00, NULL, 'Efectivo ($)', NULL, 1885, 8),
(421, '2025-04-25 18:34:01', 8.00, 8.00, NULL, 'Efectivo ($)', NULL, 1469, 8),
(422, '2025-04-25 19:18:48', 35.00, 35.00, NULL, 'Efectivo ($)', NULL, 1334, 8),
(424, '2025-04-26 11:15:55', 31.00, 31.00, NULL, 'Efectivo ($)', NULL, 168, 8),
(425, '2025-04-26 11:31:02', 100.00, 68.00, NULL, 'Efectivo ($)', NULL, 1903, 8),
(427, '2025-04-26 12:43:02', 36.00, 36.00, NULL, 'Efectivo ($)', NULL, 1066, 8),
(428, '2025-04-26 12:44:17', 14.00, 14.00, 'BANCO VENEZUELA ', NULL, 1, 1904, 8),
(429, '2025-04-26 12:49:15', 12.00, 12.00, NULL, 'Efectivo ($)', NULL, 1905, 8),
(432, '2025-04-26 14:12:21', 20.00, 10.00, NULL, 'Efectivo ($)', NULL, 1752, 8),
(434, '2025-04-26 14:20:31', 23.00, 23.00, 'VENEZUELA ', NULL, 1, 1871, 8),
(435, '2025-04-26 14:30:18', 5.00, 5.00, NULL, 'Efectivo ($)', NULL, 1874, 8),
(436, '2025-04-26 15:42:38', 31.00, 31.00, 'VENEZUELA ', NULL, 1, 1328, 8),
(437, '2025-04-26 15:51:49', 68.00, 68.00, NULL, 'Efectivo ($)', NULL, 382, 8),
(440, '2025-04-26 19:50:34', 17.00, 17.00, NULL, 'Efectivo ($)', NULL, 1328, 8),
(441, '2025-04-27 10:14:45', 19.00, 19.00, 'VENEZUELA ', NULL, 1, 1752, 8),
(442, '2025-04-27 11:34:41', 16.00, 16.00, NULL, 'Efectivo ($)', NULL, 1837, 8),
(443, '2025-04-27 11:37:33', 20.00, 20.00, NULL, 'Efectivo ($)', NULL, 1907, 8),
(445, '2025-04-27 11:50:18', 62.00, 51.00, NULL, 'Efectivo ($)', NULL, 1906, 8),
(447, '2025-04-27 11:54:32', 17.00, 17.00, 'BANESCO', NULL, 1, 1907, 8),
(448, '2025-04-27 11:59:20', 216.88, 212.88, 'VENEZUELA ', NULL, 1, 197, 8),
(449, '2025-04-27 12:21:20', 154.00, 154.00, 'VENEZUELA ', NULL, 1, 299, 8),
(451, '2025-04-27 13:41:29', 194.00, 187.00, NULL, 'Efectivo ($)', NULL, 149, 8),
(453, '2025-04-27 15:41:47', 42.00, 42.00, 'VENEZUELA ', NULL, 1, 1328, 8),
(454, '2025-04-27 16:50:40', 8.00, 8.00, 'VENEZUELA ', NULL, 1, 1574, 8),
(455, '2025-04-27 19:03:49', 6.00, 6.00, 'VENEZUELA ', NULL, 1, 1885, 8),
(456, '2025-04-27 20:04:46', 21.00, 21.00, 'VENEZUELA ', NULL, 1, 1328, 8),
(457, '2025-04-28 09:26:21', 17.00, 17.00, 'VENEZUELA ', NULL, 1, 371, 8),
(459, '2025-04-28 10:05:52', 4.00, 4.00, NULL, 'Efectivo ($)', NULL, 1908, 8),
(460, '2025-04-28 10:09:26', 14.00, 12.00, 'VENEZUELA ', NULL, 1, 1066, 8),
(461, '2025-04-28 11:24:59', 500.00, 451.00, NULL, 'Efectivo ($)', NULL, 192, 11),
(463, '2025-04-28 14:11:13', 100.00, 60.40, NULL, 'Efectivo ($)', NULL, 1337, 8),
(464, '2025-04-28 14:49:35', 78.00, 78.00, NULL, 'Efectivo ($)', NULL, 1078, 8),
(465, '2025-04-28 14:59:41', 100.00, 48.00, NULL, 'Efectivo ($)', NULL, 1895, 8),
(466, '2025-04-28 20:38:03', 39.00, 39.00, 'VENEZUELA ', NULL, 1, 1328, 11),
(470, '2025-04-29 09:27:47', 26.00, 26.00, NULL, 'Efectivo ($)', NULL, 1752, 8),
(472, '2025-04-29 09:42:47', 60.00, 60.00, NULL, 'Efectivo ($)', NULL, 1836, 8);

--
-- Disparadores `ventas`
--
DELIMITER $$
CREATE TRIGGER `before_insert_ventas` BEFORE INSERT ON `ventas` FOR EACH ROW BEGIN
    -- Inserta un registro en transacciones con el tipo 'venta'
    INSERT INTO transacciones (tipo) VALUES ('venta');
    -- Asigna el ID generado al registro que se inserta en ventas
    SET NEW.id = LAST_INSERT_ID();
END
$$
DELIMITER ;

--
-- Índices para tablas volcadas
--

--
-- Indices de la tabla `abonos`
--
ALTER TABLE `abonos`
  ADD PRIMARY KEY (`id`);

--
-- Indices de la tabla `categorias`
--
ALTER TABLE `categorias`
  ADD PRIMARY KEY (`id`);

--
-- Indices de la tabla `clientes`
--
ALTER TABLE `clientes`
  ADD PRIMARY KEY (`id`);

--
-- Indices de la tabla `cotizaciones`
--
ALTER TABLE `cotizaciones`
  ADD PRIMARY KEY (`id`);

--
-- Indices de la tabla `cuentas_apartados`
--
ALTER TABLE `cuentas_apartados`
  ADD PRIMARY KEY (`id`);

--
-- Indices de la tabla `entradas`
--
ALTER TABLE `entradas`
  ADD PRIMARY KEY (`id`);

--
-- Indices de la tabla `marcas`
--
ALTER TABLE `marcas`
  ADD PRIMARY KEY (`id`);

--
-- Indices de la tabla `metodos`
--
ALTER TABLE `metodos`
  ADD PRIMARY KEY (`id`);

--
-- Indices de la tabla `pagos_choferes`
--
ALTER TABLE `pagos_choferes`
  ADD PRIMARY KEY (`id`);

--
-- Indices de la tabla `pagos_proveedores`
--
ALTER TABLE `pagos_proveedores`
  ADD PRIMARY KEY (`id`);

--
-- Indices de la tabla `productos`
--
ALTER TABLE `productos`
  ADD PRIMARY KEY (`id`);

--
-- Indices de la tabla `productos_cotizados`
--
ALTER TABLE `productos_cotizados`
  ADD PRIMARY KEY (`id`);

--
-- Indices de la tabla `productos_removidos`
--
ALTER TABLE `productos_removidos`
  ADD PRIMARY KEY (`id`);

--
-- Indices de la tabla `productos_vendidos`
--
ALTER TABLE `productos_vendidos`
  ADD PRIMARY KEY (`id`);

--
-- Indices de la tabla `proveedores`
--
ALTER TABLE `proveedores`
  ADD PRIMARY KEY (`id`);

--
-- Indices de la tabla `roles`
--
ALTER TABLE `roles`
  ADD PRIMARY KEY (`id`);

--
-- Indices de la tabla `transacciones`
--
ALTER TABLE `transacciones`
  ADD PRIMARY KEY (`id`);

--
-- Indices de la tabla `usuarios`
--
ALTER TABLE `usuarios`
  ADD PRIMARY KEY (`id`);

--
-- Indices de la tabla `ventas`
--
ALTER TABLE `ventas`
  ADD PRIMARY KEY (`id`);

--
-- AUTO_INCREMENT de las tablas volcadas
--

--
-- AUTO_INCREMENT de la tabla `abonos`
--
ALTER TABLE `abonos`
  MODIFY `id` bigint UNSIGNED NOT NULL AUTO_INCREMENT, AUTO_INCREMENT=135;

--
-- AUTO_INCREMENT de la tabla `categorias`
--
ALTER TABLE `categorias`
  MODIFY `id` bigint UNSIGNED NOT NULL AUTO_INCREMENT, AUTO_INCREMENT=10;

--
-- AUTO_INCREMENT de la tabla `clientes`
--
ALTER TABLE `clientes`
  MODIFY `id` bigint UNSIGNED NOT NULL AUTO_INCREMENT, AUTO_INCREMENT=1909;

--
-- AUTO_INCREMENT de la tabla `cotizaciones`
--
ALTER TABLE `cotizaciones`
  MODIFY `id` bigint UNSIGNED NOT NULL AUTO_INCREMENT, AUTO_INCREMENT=21;

--
-- AUTO_INCREMENT de la tabla `entradas`
--
ALTER TABLE `entradas`
  MODIFY `id` bigint UNSIGNED NOT NULL AUTO_INCREMENT, AUTO_INCREMENT=210;

--
-- AUTO_INCREMENT de la tabla `marcas`
--
ALTER TABLE `marcas`
  MODIFY `id` bigint UNSIGNED NOT NULL AUTO_INCREMENT, AUTO_INCREMENT=13;

--
-- AUTO_INCREMENT de la tabla `metodos`
--
ALTER TABLE `metodos`
  MODIFY `id` bigint UNSIGNED NOT NULL AUTO_INCREMENT, AUTO_INCREMENT=13;

--
-- AUTO_INCREMENT de la tabla `pagos_choferes`
--
ALTER TABLE `pagos_choferes`
  MODIFY `id` bigint UNSIGNED NOT NULL AUTO_INCREMENT, AUTO_INCREMENT=17;

--
-- AUTO_INCREMENT de la tabla `pagos_proveedores`
--
ALTER TABLE `pagos_proveedores`
  MODIFY `id` bigint UNSIGNED NOT NULL AUTO_INCREMENT, AUTO_INCREMENT=9;

--
-- AUTO_INCREMENT de la tabla `productos`
--
ALTER TABLE `productos`
  MODIFY `id` bigint UNSIGNED NOT NULL AUTO_INCREMENT, AUTO_INCREMENT=101;

--
-- AUTO_INCREMENT de la tabla `productos_cotizados`
--
ALTER TABLE `productos_cotizados`
  MODIFY `id` bigint UNSIGNED NOT NULL AUTO_INCREMENT, AUTO_INCREMENT=94;

--
-- AUTO_INCREMENT de la tabla `productos_removidos`
--
ALTER TABLE `productos_removidos`
  MODIFY `id` bigint UNSIGNED NOT NULL AUTO_INCREMENT, AUTO_INCREMENT=133;

--
-- AUTO_INCREMENT de la tabla `productos_vendidos`
--
ALTER TABLE `productos_vendidos`
  MODIFY `id` bigint UNSIGNED NOT NULL AUTO_INCREMENT, AUTO_INCREMENT=984;

--
-- AUTO_INCREMENT de la tabla `proveedores`
--
ALTER TABLE `proveedores`
  MODIFY `id` bigint UNSIGNED NOT NULL AUTO_INCREMENT, AUTO_INCREMENT=16;

--
-- AUTO_INCREMENT de la tabla `roles`
--
ALTER TABLE `roles`
  MODIFY `id` bigint UNSIGNED NOT NULL AUTO_INCREMENT, AUTO_INCREMENT=14;

--
-- AUTO_INCREMENT de la tabla `transacciones`
--
ALTER TABLE `transacciones`
  MODIFY `id` bigint UNSIGNED NOT NULL AUTO_INCREMENT, AUTO_INCREMENT=475;

--
-- AUTO_INCREMENT de la tabla `usuarios`
--
ALTER TABLE `usuarios`
  MODIFY `id` bigint UNSIGNED NOT NULL AUTO_INCREMENT, AUTO_INCREMENT=16;

--
-- Restricciones para tablas volcadas
--

--
-- Filtros para la tabla `cuentas_apartados`
--
ALTER TABLE `cuentas_apartados`
  ADD CONSTRAINT `fk_transaccion_cuenta` FOREIGN KEY (`id`) REFERENCES `transacciones` (`id`);

--
-- Filtros para la tabla `ventas`
--
ALTER TABLE `ventas`
  ADD CONSTRAINT `fk_transaccion_venta` FOREIGN KEY (`id`) REFERENCES `transacciones` (`id`);
COMMIT;

/*!40101 SET CHARACTER_SET_CLIENT=@OLD_CHARACTER_SET_CLIENT */;
/*!40101 SET CHARACTER_SET_RESULTS=@OLD_CHARACTER_SET_RESULTS */;
/*!40101 SET COLLATION_CONNECTION=@OLD_COLLATION_CONNECTION */;
